nba_id,player,pos2,primary_pos,active,height_wo_shoes_in,wingspan_in,height_wingspan_diff_in,team,d_dpm
201166,Aaron Brooks,PG,PG,false,70,76,6,,
203905,Aaron Craft,UNK,UNK,false,72.75,74,1.25,,
203932,Aaron Gordon,PF,PF,true,79.5,83.75,4.25,DEN,0.44
201189,Aaron Gray,C,C,false,84,87.25,3.25,,
1626151,Aaron Harrison,SG,SG,false,76.5,80.25,3.75,,
1630565,Aaron Henry,SG,SG,false,76.5,82.75,6.25,,
1628988,Aaron Holiday,PG,PG,true,71.75,79.5,7.75,HOU,-0.46
12056,Aaron McGhee,UNK,UNK,false,79,82,3,,
101223,Aaron Miles,PG,PG,false,72,75.5,3.5,,
1630174,Aaron Nesmith,SG,SG,true,77,82,5,IND,0.26
1630598,Aaron Wiggins,SG,SG,true,76.5,81.75,5.25,OKC,1.2
1642846,Ace Bailey,SG,SG,true,79.5,84.5,5,UTA,-1.39
201151,Acie Law,PG,PG,false,74,78.5,4.5,,
12033,Adam Allenspach,UNK,UNK,false,83.5,84.5,1,,
1641766,Adama Sanogo,PF,PF,false,79.25,86.75,7.5,,
200747,Adam Morrison,SF,SF,false,78.5,82,3.5,,
1641737,Adem Bona,C,C,true,80.25,84.25,4,PHI,1.2
1629678,Admiral Schofield,PF,PF,false,76,81.75,5.75,,
203519,Adonis Thomas,SF,SF,false,76.75,85,8.25,,
1642876,Adou Thiero,SG,SG,true,78.25,84,5.75,LAL,0
203940,Adreian Payne,PF,PF,false,81,88,7,,
12011,Aerick Sanders,UNK,UNK,false,78.5,83.5,5,,
1642349,Ajay Mitchell,PG,PG,true,75.25,78.25,3,OKC,-0.05
12137,A.J. Granger,UNK,UNK,false,79.5,81.5,2,,
1631260,AJ Green,SG,SG,true,76,79,3,MIL,-0.13
1631100,AJ Griffin,SF,SF,false,76.5,82.5,6,,
2062,A.J. Guyton,PG,PG,false,72.75,75.75,3,,
1642358,AJ Johnson,SG,SG,true,76.25,80.5,4.25,DAL,-1.12
1630639,A.J. Lawson,SG,SG,true,77.5,78.75,1.25,TOR,-0.81
201985,A.J. Price,PG,PG,false,72.5,75.75,3.25,,
101187,Alan Anderson,SF,SF,false,76.5,81.5,5,,
1626210,Alan Williams,PF,PF,false,79.25,85.75,6.5,,
203938,Alec Brown,UNK,UNK,false,84.25,85.5,1.25,,
202692,Alec Burks,SG,SG,true,77,82,5,MIA,0.13
1628409,Alec Peters,PF,PF,false,79.25,82.75,3.5,,
12175,Aleksandar Capin,UNK,UNK,false,72,73.5,1.5,,
12075,Aleksander Djuric,UNK,UNK,false,82,84,2,,
12262,Aleks Maric,UNK,UNK,false,81.75,85,3.25,,
12176,Ales Chan,UNK,UNK,false,84,87,3,,
101165,Alex Acker,SG,SG,false,75.75,84,8.25,,
1627936,Alex Caruso,SG,SG,true,76,78,2,OKC,2.51
1642284,Alex Karaban,SF,SF,false,78.5,83,4.5,,
203945,Alex Kirk,C,C,false,81.25,87.5,6.25,,
203458,Alex Len,C,C,true,82.75,87.5,4.75,LAL,1.05
1642259,Alex Sarr,C,C,true,83.75,88.25,4.5,WAS,-1.08
2637,Alex Scales,UNK,UNK,false,74.25,81,6.75,,
1642893,Alex Toohey,UNK,UNK,false,79.75,82.75,3,,
202329,Al-Farouq Aminu,PF,PF,false,79.25,87.25,8,,
201143,Al Horford,C,C,true,80,84.75,4.75,GSW,0.44
1642918,Alijah Martin,PG,PG,true,73.5,79.5,6,TOR,-0.18
12233,Ali Traore,UNK,UNK,false,80.75,88,7.25,,
1628993,Alize Johnson,PF,PF,false,79.25,80.75,1.5,,
2744,Al Jefferson,C,C,false,80.5,86.5,6,,
200810,Allan Ray,SG,SG,false,73,80.5,7.5,,
203459,Allen Crabbe,SG-SF,SG,false,77.25,83.25,6,,
1629019,Allonzo Trier,SG,SG,false,75.75,78.75,3,,
1631214,Alondes Williams,SG,SG,false,75.75,79,3.25,,
200995,Aloysius Anagonye,UNK,UNK,false,78.75,86.5,7.75,,
1630578,Alperen Sengun,C,C,true,82,84.5,2.5,HOU,1.16
201154,Al Thornton,"PF,SF","PF,SF",false,77.75,85,7.25,,
2228,Alton Ford,PF,PF,false,80.25,82.5,2.25,,
2405,Amar'e Stoudemire,C,C,false,80.5,85.75,5.25,,
1641735,Amari Bailey,SG,SG,false,75.25,79,3.75,,
1641708,Amen Thompson,SG,SG,true,77.75,84,6.25,HOU,0.37
1631198,Aminu Mohammed,UNK,UNK,false,75.5,83,7.5,,
1629599,Amir Coffey,SG,SG,true,78.75,79.25,0.5,MIL,-0.85
2857,Andre Barrett,PG,PG,false,68.75,73,4.25,,
2810,Andre Brown,PF,PF,false,80,83,3,,
203083,Andre Drummond,C,C,true,81.75,90.25,8.5,PHI,1.15
2765,Andre Emmett,SF,SF,false,75.5,81,5.5,,
12155,Andre Hutson,UNK,UNK,false,80.25,83.75,3.5,,
2738,Andre Iguodala,PF,PF,false,77.75,83,5.25,,
1641748,Andre Jackson,SG,SG,true,77.5,81.75,4.25,MIL,0.43
203460,Andre Roberson,SG,SG,false,78.25,83,4.75,,
101106,Andrew Bogut,C,C,false,83,87,4,,
202726,Andrew Goudelock,PG,PG,false,73.25,76.25,3,,
1626150,Andrew Harrison,PG,PG,false,76.5,81,4.5,,
1629614,Andrew Nembhard,PG,PG,true,75,77.75,2.75,IND,-0.53
203094,Andrew Nicholson,PF,PF,false,80.5,88,7.5,,
203952,Andrew Wiggins,SG,SG,true,79,84,5,MIA,0.26
12046,Andy Ellis,UNK,UNK,false,81.25,82.25,1,,
202360,Andy Rautins,SG,SG,false,76.25,79,2.75,,
1629014,Anfernee Simons,PG,PG,true,74.25,81.25,7,BOS,-1.96
12221,Antanas Kavaliauskas,UNK,UNK,false,81,82.5,1.5,,
1641710,Anthony Black,SG,SG,true,77.75,79.5,1.75,ORL,0.93
1626148,Anthony Brown,SF,SF,false,77.75,83,5.25,,
203076,Anthony Davis,C,C,true,81.25,89.5,8.25,DAL,1.39
1630162,Anthony Edwards,SG,SG,true,75,81,6,MIN,-0.29
12039,Anthony Evans,UNK,UNK,false,78,83.5,5.5,,
1630264,Anthony Gill,PF,PF,true,79.5,83,3.5,WAS,0.65
101219,Anthony Grundy,SG,SG,false,72.75,79.75,7,,
201576,Anthony Randolph,PF,PF,false,81,87,6,,
101194,Anthony Roberson,PG,PG,false,72.75,74.75,2,,
201229,Anthony Tolliver,PF,PF,false,79,86.5,7.5,,
101120,Antoine Wright,SG,SG,false,77.25,80.75,3.5,,
2766,Antonio Burks,PG,PG,false,72,78.5,6.5,,
1641810,Antonio Reeves,SG,SG,true,76.5,80.25,3.75,CHA,-0.2
2238,Antonis Fotsis,PF,PF,false,81.25,80.5,-0.75,,
201015,Antywane Robinson,UNK,UNK,false,78.25,86.5,8.25,,
203462,Archie Goodwin,SG,SG,false,75.75,81.5,5.75,,
1630574,Ariel Hukporti,C,C,true,82.75,86.5,3.75,NYK,1.06
202356,Armon Johnson,PG,PG,false,74,80,6,,
203102,Arnett Moultrie,PF,PF,false,81.5,86.25,4.75,,
2865,Arthur Johnson,UNK,UNK,false,79,87,8,,
1641751,Arthur Kaluma,UNK,UNK,false,78.25,84.5,6.25,,
12334,Artsiom Parakhouski,UNK,UNK,false,82.25,85,2.75,,
1642854,Asa Newell,PF,PF,true,81,83.25,2.25,ATL,0.25
1630204,Ashton Hagans,PG,PG,false,73.5,80,6.5,,
12021,Aubrey Reese,UNK,UNK,false,70.75,77.5,6.75,,
1641709,Ausar Thompson,SG,SG,true,77.75,84,6.25,DET,1.58
201948,Austin Daye,SF,SF,false,81.75,86.75,5,,
1630559,Austin Reaves,PG,PG,true,76.5,78.25,1.75,LAL,-1.3
203085,Austin Rivers,SG,SG,false,75.5,79.25,3.75,,
1629024,Austin Wiley,UNK,UNK,false,80.25,89,8.75,,
202340,Avery Bradley,SG,SG,false,74,79.25,5.25,,
12237,Avis Wyatt,UNK,UNK,false,80.75,85,4.25,,
1630245,Ayo Dosunmu,SG,SG,true,75.5,82.25,6.75,CHI,-1.02
1641773,Azuolas Tubelis,UNK,UNK,false,80.75,83,2.25,,
1628389,Bam Adebayo,C,C,true,80.75,86.75,6,MIA,1.62
1631248,Baylor Scheierman,SG,SG,true,78.25,80.25,2,BOS,0.38
1627791,Ben Bentil,PF,PF,false,79.25,85.5,6.25,,
2732,Ben Gordon,SG,SG,false,73,80.5,7.5,,
12150,Benjamin Eze,UNK,UNK,false,80.75,90,9.25,,
203463,Ben McLemore,SG,SG,false,75.5,79.75,4.25,,
1631097,Bennedict Mathurin,SG,SG,true,76.5,81,4.5,IND,-1.13
2757,Beno Udrih,PG,PG,false,74.5,76.5,2,,
1642879,Ben Saraf,SG,SG,true,78,80.75,2.75,BKN,0.01
1641767,Ben Sheppard,SG,SG,true,77.25,79.75,2.5,IND,-0.6
203108,Bernard James,C,C,false,80.75,87,6.25,,
12088,Bernard King,UNK,UNK,false,75.75,77.5,1.75,,
2774,Bernard Robinson,"SF,SG","SF,SG",false,77.25,82,4.75,,
1641731,Bilal Coulibaly,SG,SG,true,78,86.5,8.5,WAS,0.35
1629009,Billy Preston,UNK,UNK,false,80.75,86,5.25,,
203523,BJ Young,UNK,UNK,false,74.25,80.25,6,,
12012,Blagota Sekulic,UNK,UNK,false,81.25,83,1.75,,
201933,Blake Griffin,C,C,false,80.5,83.25,2.75,,
12228,Blake Schilb,UNK,UNK,false,77,81,4,,
1631104,Blake Wesley,PG,PG,true,75,81.25,6.25,POR,-0.16
201628,Bobby Brown,PG,PG,false,71,76,5,,
200784,Bobby Jones,SF,SF,false,77.75,81.5,3.75,,
1626171,Bobby Portis,C,C,true,81.5,86,4.5,MIL,-0.58
2250,Bobby Simmons,SF,SF,false,78.25,84.25,6,,
1641752,Bobi Klintman,PF,PF,true,80.75,83,2.25,DET,-0.66
203992,Bogdan Bogdanovic,SG,SG,true,77.5,83,5.5,LAC,0.07
1629626,Bol Bol,C,C,true,84.75,91,6.25,PHX,0.42
1642407,Boogie Ellis,UNK,UNK,false,72.75,79,6.25,,
12028,Bootsy Thornton,UNK,UNK,false,75.5,78.5,3,,
101152,Bracey Wright,SG,SG,false,73.25,82,8.75,,
12125,Brad Buckman,UNK,UNK,false,79.25,84,4.75,,
203078,Bradley Beal,SG,SG,true,75.25,80,4.75,LAC,-1.34
12224,Brad Newley,UNK,UNK,false,77,80,3,,
201148,Brandan Wright,PF,PF,false,80.75,87.75,7,,
1642382,Branden Carlson,C,C,true,83.75,85,1.25,OKC,-0.11
1626183,Branden Dawson,PF,PF,false,77.5,83,5.5,,
2688,Brandin Knight,PG,PG,false,71.75,78,6.25,,
1641764,Brandin Podziemski,SG,SG,true,75.75,77.5,1.75,GSW,0.34
2220,Brandon Armstrong,SG,SG,false,75.5,81.5,6,,
1626165,Brandon Ashley,UNK,UNK,false,79.25,87.75,8.5,,
101138,Brandon Bass,PF,PF,false,78.25,86.5,8.25,,
1630527,Brandon Boston Jr.,PF,PF,true,77.75,82.75,5,NOP,-0.31
200847,Brandon Bowman,UNK,UNK,false,78.75,83.5,4.75,,
1629634,Brandon Clarke,C,C,true,79.25,80.25,1,MEM,1.46
203561,Brandon Davies,PF,PF,false,80.5,85.5,5,,
12214,Brandon Heath,UNK,UNK,false,74,79,5,,
2599,Brandon Hunter,PF,PF,false,78.5,86.75,8.25,,
1627742,Brandon Ingram,SG,SG,true,79,87,8,TOR,0.09
202688,Brandon Knight,SG-PG,SG,false,73.5,78.75,5.25,,
12144,Brandon Kurtz,UNK,UNK,false,81.5,83.25,1.75,,
1629000,Brandon McCoy,UNK,UNK,false,83.5,86,2.5,,
1641706,Brandon Miller,SF,SF,true,79.5,83,3.5,CHA,-0.45
203464,Brandon Paul,SG,SG,false,74.75,82.25,7.5,,
200750,Brandon Roy,SG,SG,false,77.25,80,2.75,,
201575,Brandon Rush,SG,SG,false,77,83.25,6.25,,
1630314,Brandon Williams,PG,PG,true,73.75,79,5.25,DAL,-0.6
2217,Brendan Haywood,C,C,false,83.75,90.5,6.75,,
12040,Brent Wright,UNK,UNK,false,79.75,85.5,5.75,,
12173,Brian Boddicker,UNK,UNK,false,79.5,82,2.5,,
1628968,Brian Bowen,SF,SF,false,78.25,82.25,4,,
12288,Brian Brown,UNK,UNK,false,74.5,79,4.5,,
12242,Brian Butch,C,C,false,81.5,83.25,1.75,,
2567,Brian Cook,PF,PF,false,81.5,86,4.5,,
12145,Brian Montonati,UNK,UNK,false,80.75,82.5,1.75,,
12269,Brian Roberts,PG,PG,false,72.25,73.25,1,,
2243,Brian Scalabrine,PF,PF,false,80.75,81.75,1,,
1627744,Brice Johnson,PF,PF,false,81,84.5,3.5,,
1641729,Brice Sensabaugh,SF,SF,true,76.5,82,5.5,UTA,-1.87
2639,Britton Johnsen,SF,SF,false,82,82.75,0.75,,
1642355,Bronny James,PG,PG,true,73.5,79.25,5.75,LAL,-0.72
201572,Brook Lopez,C,C,true,83.25,89.5,6.25,LAC,1.46
1642964,Brooks Barnhizer,SG,SG,true,76.75,83,6.25,OKC,-0.39
12063,Brooks Sales,UNK,UNK,false,81,82,1,,
1628971,Bruce Brown,SG,SG,true,75.5,81,5.5,DEN,-0.57
1628981,Bruno Fernando,C,C,true,80.75,88.25,7.5,TOR,0.28
12000,Bryant Matthews,UNK,UNK,false,77.75,84.5,6.75,,
1631121,Bryce McGowens,SG,SG,true,77.25,80.75,3.5,NOP,-0.21
12272,Bryce Taylor,UNK,UNK,false,74.75,81,6.25,,
1631258,Bryson Williams,UNK,UNK,false,79,81.5,2.5,,
1627741,Buddy Hield,SG,SG,true,75.75,81.25,5.5,ATL,-0.38
12058,Byron Mouton,UNK,UNK,false,76.5,82.25,5.75,,
201957,Byron Mullens,C,C,false,83.75,85.5,1.75,,
1630595,Cade Cunningham,PG,PG,true,78,84,6,DET,0.52
12212,Caleb Green,UNK,UNK,false,78,83.75,5.75,,
1631216,Caleb Houstan,SG,SG,true,79.5,83,3.5,ATL,-0.34
1631126,Caleb Love,PG,PG,true,74.25,80.75,6.5,POR,-1.98
1628997,Caleb Martin,SG,SG,true,76.75,82,5.25,DAL,0.83
1628403,Caleb Swanigan,PF-C,PF,false,79.5,87.5,8,,
12035,Calvin Bowman,UNK,UNK,false,80.75,83.5,2.75,,
1642353,Cam Christie,SG,SG,true,76.5,80,3.5,LAC,-0.18
203946,Cameron Bairstow,C,C,false,80.75,84.75,4,,
1629661,Cameron Johnson,SG,SG,true,79,82,3,DEN,-0.47
1628419,Cameron Oliver,SF,SF,false,79,85.25,6.25,,
1626166,Cameron Payne,PG,PG,true,72.75,79.25,6.5,NYK,0.18
1629629,Cameron Reddish,SF,SF,true,78.5,84.5,6,LAL,0.45
1642285,Cam Spencer,PG,PG,true,75,77,2,MEM,-1.13
1630560,Cam Thomas,SG,SG,true,75,78.5,3.5,MIL,-1.87
1641715,Cam Whitmore,SF,SF,true,77.75,80.5,2.75,WAS,-1.13
1627747,Caris LeVert,SG,SG,true,77.75,82,4.25,DET,0.39
2606,Carl English,UNK,UNK,false,76,77.25,1.25,,
1630637,Carlik Jones,PG,PG,false,72,77,5,,
12194,Carl Krauser,UNK,UNK,false,71.75,78.25,6.5,,
201171,Carl Landry,PF,PF,false,79,83,4,,
2430,Carlos Boozer,PF,PF,false,79.75,86.25,6.5,,
201225,Carlos Powell,UNK,UNK,false,77.25,82.75,5.5,,
1642267,Carlton Carrington,PG,PG,true,75.75,80,4.25,WAS,-2.02
2546,Carmelo Anthony,PF,PF,false,78.25,84,5.75,,
2406,Caron Butler,SF,SF,false,77.25,83.5,6.25,,
203467,Carrick Felix,SG,SG,false,76.75,81.25,4.5,,
1629035,Carsen Edwards,SG,SG,false,70.75,78.25,7.5,,
1642868,Carter Bryant,SF,SF,true,78.5,83.75,5.25,SAS,-0.74
201858,Cartier Martin,SF,SF,false,76,82,6,,
1641717,Cason Wallace,SG,SG,true,74.5,80.5,6,OKC,1.02
1630199,Cassius Stanley,SG,SG,false,77,79,2,,
1630216,Cassius Winston,PG,PG,false,72.5,78,5.5,,
12017,Caswell Cyrus,UNK,UNK,false,79.75,86,6.25,,
1627760,Cat Barber,UNK,UNK,false,73.5,77.5,4,,
1642907,Cedric Coward,SG,SG,true,77.25,86.25,9,MEM,-0.94
200759,Cedric Simmons,PF,PF,false,80.25,88.25,8,,
12135,Ceedric Goodwyn,UNK,UNK,false,78,82,4,,
202718,Chandler Parsons,PF,PF,false,80.75,81.5,0.75,,
101112,Channing Frye,C,C,false,81.5,86.5,5,,
1629646,Charles Bassey,C,C,true,80.75,87.5,6.75,PHI,0.74
12317,Charles Garcia,UNK,UNK,false,80.25,85.75,5.5,,
12153,Charles Hathaway,UNK,UNK,false,80,86,6,,
101236,Charles Hayes,C,C,false,77.5,82,4.5,,
202724,Charles Jenkins,"PG,SG","PG,SG",false,73.5,79.5,6,,
1629666,Charles Matthews,UNK,UNK,false,77,81.5,4.5,,
12268,Charles Rhodes,UNK,UNK,false,79.25,83.25,4,,
2294,Charlie Bell,SG,SG,false,74.5,79.5,5,,
101111,Charlie Villanueva,PF,PF,false,81,84.25,3.25,,
201978,Chase Budinger,SF,SF,false,78.25,79,0.75,,
1626184,Chasson Randle,PG,PG,false,72.25,79,6.75,,
1642404,Chaz Lanier,SG,SG,true,75.75,81,5.25,DET,-0.95
1627767,Cheick Diallo,C,C,false,79.5,88.5,9,,
1631096,Chet Holmgren,C,C,true,84,90,6,OKC,2.31
1629002,Chimezie Metu,C,C,false,80.5,84.5,4,,
1627778,Chinanu Onuaku,C,C,false,81,86.75,5.75,,
2547,Chris Bosh,PF,PF,false,82.25,87.5,5.25,,
1628449,Chris Boucher,PF,PF,true,80,88,8,BOS,0.55
12290,Chris Burgess,UNK,UNK,false,82,83.5,1.5,,
12042,Chris Christoffersen,UNK,UNK,false,84.75,87.5,2.75,,
12246,Chris Daniels,UNK,UNK,false,80.25,84.5,4.25,,
2768,Chris Duhon,PG,PG,false,72,78.5,6.5,,
12178,Chris Garnett,UNK,UNK,false,80.25,85,4.75,,
2549,Chris Kaman,C,C,false,83.5,83.75,0.25,,
1641753,Chris Livingston,SF,SF,true,78,83.25,5.25,CLE,-0.53
2658,Chris Marcus,UNK,UNK,false,84,92,8,,
12090,Chris Massie,UNK,UNK,false,78.5,85,6.5,,
200840,Chris McCray,SG,SG,false,75,77.75,2.75,,
1626191,Chris McCullough,PF,PF,false,80.25,87.25,7,,
2442,Chris Owens,SF,SF,false,79,83.5,4.5,,
101108,Chris Paul,PG,PG,true,73,76,3,LAC,-0.02
2084,Chris Porter,SF,SF,false,77.5,81.5,4,,
200809,Chris Quinn,SG,SG,false,72.5,77,4.5,,
201181,Chris Richard,PF,PF,false,79,88.5,9.5,,
202698,Chris Singleton,SF,SF,false,79.75,85,5.25,,
101147,Chris Taft,C,C,false,80.5,85.75,5.25,,
12122,Chris Thomas,UNK,UNK,false,71.75,75,3.25,,
1631128,Christian Braun,SG,SG,true,77.5,78.5,1,DEN,0.12
1631132,Christian Koloko,C,C,true,82.75,89.25,6.5,MEM,1.43
1626174,Christian Wood,PF,PF,false,81.25,87.25,6,,
1626217,Chris Walker,UNK,UNK,false,80.75,86.75,6,,
2404,Chris Wilcox,C,C,false,80.25,85,4.75,,
1629643,Chuma Okeke,SF,SF,true,78.25,84.75,6.5,CLE,0.35
1629604,CJ Elleby,SF,SF,false,77.5,79.25,1.75,,
203927,C.J. Fair,UNK,UNK,false,78.5,81.5,3,,
203466,CJ Leslie,UNK,UNK,false,79.5,86.25,6.75,,
203468,C.J. McCollum,SG,SG,true,74.25,78.25,4,ATL,-0.7
201228,CJ Watson,PG,PG,false,72.5,78,5.5,,
203912,C.J. Wilcox,SG,SG,false,75.5,81.75,6.25,,
203921,Cleanthony Early,SF,SF,false,78,82.75,4.75,,
1626146,Cliff Alexander,PF,PF,false,79.25,87.5,8.25,,
203991,Clint Capela,C,C,true,82,88.5,6.5,HOU,1.86
201207,Coby Karl,"SF,SG","SF,SG",false,75,83,8,,
1629632,Coby White,SG,SG,true,75.5,77,1.5,CHI,-1.37
1628998,Cody Martin,SF,SF,true,76.75,82.25,5.5,IND,1.4
1642262,Cody Williams,SG,SG,true,78.5,85,6.5,UTA,-0.09
203469,Cody Zeller,C,C,false,82.75,82.75,0,,
1641732,Colby Jones,SG,SG,true,76.5,80,3.5,DET,0.38
202332,Cole Aldrich,C,C,false,81,88.75,7.75,,
1630175,Cole Anthony,PG,PG,true,74,76.5,2.5,MIL,-0.26
12207,Coleman Collins,UNK,UNK,false,80,86,6,,
1641746,Coleman Hawkins,UNK,UNK,false,80.5,84.25,3.75,,
1630658,Colin Castleton,C,C,true,83,87.5,4.5,TOR,-0.62
1631221,Collin Gillespie,PG,PG,true,73.5,76,2.5,PHX,0.51
1642867,Collin Murray-Boyles,PF,PF,true,78.5,84.75,6.25,TOR,0.74
1629012,Collin Sexton,PG,PG,true,72.5,79.25,6.75,CHI,-1.06
203470,Colton Iverson,UNK,UNK,false,82.5,86,3.5,,
12034,Cookie Belcher,UNK,UNK,false,75,80.5,5.5,,
1642843,Cooper Flagg,SG,SG,true,79.75,84,4.25,DAL,-0.63
12070,Cordell Henry,UNK,UNK,false,68,73,5,,
201147,Corey Brewer,PF,PF,false,78,80.25,2.25,,
1626186,Corey Hawkins,UNK,UNK,false,72.75,80,7.25,,
1630557,Corey Kispert,SG,SG,true,78,79,1,WAS,-1.25
2451,Corsley Edwards,C,C,false,79.25,82.75,3.5,,
2083,Cory Hightower,UNK,UNK,false,77.5,83,5.5,,
203928,Cory Jefferson,PF,PF,false,79.75,84.5,4.75,,
202709,Cory Joseph,PG,PG,true,74,77.5,3.5,ORL,-0.05
202342,Craig Brackins,PF,PF,false,80.5,84,3.5,,
12206,Craig Bradshaw,UNK,UNK,false,80,85.5,5.5,,
12044,Craig Dawson,UNK,UNK,false,75.5,78.25,2.75,,
1641854,Craig Porter Jr.,PG,PG,true,73,76,3,CLE,1.13
200783,Craig Smith,PF,PF,false,77.5,81.5,4,,
2414,Curtis Borchardt,C,C,false,82.75,86.5,3.75,,
201028,Curtis Stinson,UNK,UNK,false,73.75,77,3.25,,
12230,Curtis Sumpter,UNK,UNK,false,78,81.5,3.5,,
202124,Curtis Withers,UNK,UNK,false,78,82,4,,
201161,Daequan Cook,SG,SG,false,75,80.25,5.25,,
2563,Dahntay Jones,SF,SF,false,76.75,81,4.25,,
1630227,Daishen Nix,PG,PG,false,75,78.75,3.75,,
201969,DaJuan Summers,PF,PF,false,79.25,84.75,5.5,,
2402,Dajuan Wagner,SG,SG,false,72.75,74,1.25,,
1626177,Dakari Johnson,C,C,false,83,86,3,,
1631207,Dalen Terry,SG,SG,true,78,84.75,6.75,CHI,1.08
1642261,Dalton Knecht,SG,SG,true,77.25,81,3.75,LAL,-1.16
1627745,Damian Jones,C,C,false,82.25,87.75,5.5,,
203081,Damian Lillard,PG,PG,true,73.75,79.75,6,MIL,-1.51
2863,Damien Wilkins,SF,SF,false,76.5,84,7.5,,
202345,Damion James,SF,SF,false,78.25,84.75,6.5,,
2245,Damone Brown,SF,SF,false,80.25,83.75,3.5,,
12170,Damone Thornton,UNK,UNK,false,78.75,85.75,7,,
12068,Damon Hancock,UNK,UNK,false,74.75,78,3.25,,
12149,Damon Reed,UNK,UNK,false,80.5,81.5,1,,
1628422,Damyean Dotson,SG,SG,false,76.5,81,4.5,,
1626156,D'Angelo Russell,PG,PG,true,75.25,81.75,6.5,DAL,-0.53
12188,Dan Grunfeld,UNK,UNK,false,76.75,78.25,1.5,,
1629655,Daniel Gafford,C,C,true,81.25,86.5,5.25,DAL,1.64
1627772,Daniel Hamilton,SG,SG,false,78.25,81,2.75,,
200812,Daniel Horton,UNK,UNK,false,72.5,79,6.5,,
202350,Daniel Orton,C,C,false,80.75,88.25,7.5,,
12196,Danilo Pinnock,UNK,UNK,false,74.75,79.5,4.75,,
1642450,Daniss Jenkins,PG,PG,true,75.25,78.5,3.25,DET,-0.54
2061,Dan Langhi,SF,SF,false,81,80,-1,,
2082,Dan McClintock,C,C,false,83,85.5,2.5,,
101122,Danny Granger,SF,SF,false,79.5,85.5,6,,
201980,Danny Green,SG,SG,false,77.25,82,4.75,,
1642874,Danny Wolf,PF,PF,true,82.5,86.25,3.75,BKN,-0.09
201967,Dante Cunningham,PF,PF,false,79,83,4,,
203957,Dante Exum,SG,SG,true,77,81,4,DAL,-0.18
1629610,DaQuan Jeffries,SF,SF,true,76,83.25,7.25,CHA,-0.57
202359,Darington Hobson,SG,SG,false,77.25,81.25,4,,
203967,Dario Saric,PF,PF,true,81.5,82,0.5,SAC,0.1
1641727,Dariq Whitehead,SF,SF,true,77.75,82.25,4.5,BKN,-0.84
1629647,Darius Bazley,PF,PF,false,79.75,84,4.25,,
1630620,Darius Days,PF,PF,false,77,82.75,5.75,,
1629636,Darius Garland,PG,PG,true,73.5,77.25,3.75,CLE,-1.36
203130,Darius Johnson-Odom,SG,SG,false,73.5,79,5.5,,
203121,Darius Miller,SF,SF,false,78,81,3,,
202721,Darius Morris,PG,PG,false,75.25,79.5,4.25,,
2443,Darius Songaila,C,C,false,80,85,5,,
200827,Darius Washington,SG,SG,false,71.5,76,4.5,,
2545,Darko Milicic,C,C,false,83.5,89,5.5,,
201616,Darnell Jackson,PF,PF,false,79,83.25,4.25,,
1641747,DaRon Holmes II,PF,PF,true,81,84.5,3.5,DEN,-0.37
201589,Darrell Arthur,PF,PF,false,79.5,82.75,3.25,,
12157,Darrell Johns,UNK,UNK,false,83.25,89,5.75,,
201954,Darren Collison,PG,PG,false,72.25,75,2.75,,
12158,Darren Kelly,UNK,UNK,false,74,78.75,4.75,,
201208,Darryl Watkins,C,C,false,80.75,87,6.25,,
12108,Daryl Dorsey,UNK,UNK,false,71.25,71.5,0.25,,
12236,DaShaun Wood,UNK,UNK,false,70.75,72.75,2,,
1630561,David Duke,SG,SG,false,76.25,80.75,4.5,,
12066,David Graves,UNK,UNK,false,76.5,79,2.5,,
1630525,David Johnson,SG,SG,false,75.25,82.5,7.25,,
1642357,David Jones,SG,SG,true,75.5,78.75,3.25,SAS,-0.22
101135,David Lee,PF,PF,false,79.75,84,4.25,,
12428,David Lighty,UNK,UNK,false,76.75,80,3.25,,
12114,David Lucas,UNK,UNK,false,78.5,84,5.5,,
200786,David Noel,PF,PF,false,76.5,81.5,5,,
201624,David Padgett,UNK,UNK,false,82.25,85,2.75,,
1631223,David Roddy,PF,PF,true,76.5,83.5,7,HOU,-0.85
12121,David Simon,UNK,UNK,false,80,87.5,7.5,,
2561,David West,C,C,false,80.25,88.25,8,,
1630558,Davion Mitchell,PG,PG,true,72,76.25,4.25,MIA,0.74
12257,Davon Jefferson,UNK,UNK,false,77.25,81.5,4.25,,
1628432,Davon Reed,SG,SG,false,76.5,84,7.5,,
1630549,Day'Ron Sharpe,C,C,true,81,84,3,BKN,1.5
1628368,De'Aaron Fox,PG,PG,true,74,78.5,4.5,SAS,-0.12
1629028,Deandre Ayton,C,C,true,83,90,7,LAL,1.03
1627761,Deandre Bembry,SF,SF,false,76.25,81.25,5,,
203908,DeAndre Daniels,UNK,UNK,false,79.25,86,6.75,,
1629631,De'Andre Hunter,SF,SF,true,79.25,86,6.75,CLE,-0.82
201599,DeAndre Jordan,C,C,true,81.75,90,8.25,NOP,0.97
202732,DeAndre Liggins,SG,SG,false,77,83,6,,
1629001,De'Anthony Melton,SG,SG,true,74.25,80.5,6.25,GSW,1.51
1629731,Dean Wade,PF,PF,true,81,82,1,CLE,1.02
1629664,Dedric Lawson,UNK,UNK,false,79,86.25,7.25,,
200793,Dee Brown,PG,PG,false,71,74,3,,
101224,Deji Akindele,UNK,UNK,false,81.5,87,5.5,,
1627749,Dejounte Murray,PG,PG,true,76,82,6,NOP,-0.91
201971,DeJuan Blair,C,C,false,77.25,86,8.75,,
2753,Delonte West,PG,PG,false,73.5,78,4.5,,
1626153,Delon Wright,PG,PG,true,76.25,79.5,3.25,NYK,0.7
202326,DeMarcus Cousins,C,C,false,81.5,89.75,8.25,,
12161,DeMarcus Minor,UNK,UNK,false,75.25,80.25,5,,
201634,DeMarcus Nelson,PG,PG,false,73,82,9,,
201942,DeMar DeRozan,SF,SF,true,77.5,81,3.5,SAC,-2.03
201960,DeMarre Carroll,SF-C,SF,false,78.25,82,3.75,,
12430,Demetri McCamey,UNK,UNK,false,73.75,78.25,4.5,,
201193,Demetris Nichols,SF,SF,false,78,84.25,6.25,,
1627743,Demetrius Jackson,PG,PG,false,72,77.5,5.5,,
12165,Demetrius Porter,UNK,UNK,false,70.75,74.75,4,,
101184,Deng Gai,C,C,false,79.75,88.5,8.75,,
200787,Denham Brown,UNK,UNK,false,76,81.5,5.5,,
1630166,Deni Avdija,PF,PF,true,80.75,80.5,-0.25,POR,-0.43
203471,Dennis Schröder,PG,PG,true,73,79.75,6.75,SAC,-1.17
1627756,Denzel Valentine,SG,SG,false,76,82.75,6.75,,
203907,Deonte Burton,SG,SG,false,72,79,7,,
1629126,Deonte Burton,SF,SF,false,72,79,7,,
1641726,Dereck Lively II,C,C,true,84.75,91,6.25,DAL,2.01
1631220,Dereon Seabron,SG,SG,false,76.75,80.75,4,,
1642852,Derik Queen,PF,PF,true,81.25,84.5,3.25,NOP,0.62
201622,Deron Washington,UNK,UNK,false,77.25,81,3.75,,
101114,Deron Williams,PG,PG,false,73.75,78.25,4.5,,
201974,Derrick Brown,SF,SF,false,79.5,86.5,7,,
202382,Derrick Caracter,C,C,false,80.25,84.25,4,,
202324,Derrick Favors,C,C,false,80.75,88,7.25,,
1627884,Derrick Jones Jr.,SG,SG,true,78,84,6,LAC,1.15
201565,Derrick Rose,PG,PG,false,73.5,80,6.5,,
1628476,Derrick Walton Jr.,PG,PG,false,71,74.5,3.5,,
1628401,Derrick White,SG,SG,true,75.25,79.5,4.25,BOS,0.97
202682,Derrick Williams,PF,PF,false,79.25,85.5,6.25,,
2583,Derrick Zimmerman,PG,PG,false,73,81,8,,
2205,DeSagana Diop,C,C,false,82,90.5,8.5,,
203472,Deshaun Thomas,UNK,UNK,false,77,82,5,,
1630217,Desmond Bane,SG,SG,true,77,76.25,-0.75,ORL,-0.29
2824,Desmon Farmer,SG,SG,false,76.5,80.5,4,,
1626164,Devin Booker,SG,SG,true,76.5,80.25,3.75,PHX,-0.85
1642269,Devin Carter,PG,PG,true,74.25,80.75,6.5,SAC,0.22
202365,Devin Ebanks,SF,SF,false,79,84.25,5.25,,
2734,Devin Harris,PG,PG,false,73.75,79.5,5.75,,
1628421,Devin Robinson,SF,SF,false,79,84.75,5.75,,
1630170,Devin Vassell,SG,SG,true,77,82,5,SAS,-0.29
1629653,Devon Dotson,PG,PG,false,72,75.25,3.25,,
1628985,Devon Hall,PG,PG,false,76.25,79.75,3.5,,
201614,DeVon Hardin,UNK,UNK,false,81.5,87,5.5,,
1628984,Devonte Graham,PG,PG,false,72.25,78.25,6,,
203906,Devyn Marble,SG,SG,false,77,81,4,,
1629608,Dewan Hernandez,UNK,UNK,false,81,85.75,4.75,,
203473,Dewayne Dedmon,C,C,false,82,88,6,,
202354,Dexter Pittman,C,C,false,81.5,90,8.5,,
1627738,Deyonta Davis,C,C,false,81.25,86.5,5.25,,
1627361,Dez Wells,UNK,UNK,false,75,81.5,6.5,,
1627754,Diamond Stone,C,C,false,81,86.75,5.75,,
101159,Dijon Thompson,SF,SF,false,78.25,81.75,3.5,,
1628415,Dillon Brooks,SG,SG,true,77,78,1,PHX,-0.98
1641794,Dillon Jones,SF,SF,true,76.5,83,6.5,OKC,-0.33
1641759,Dillon Mitchell,UNK,UNK,false,78.75,82,3.25,,
202091,Dionte Christmas,SF,SF,false,76.25,81,4.75,,
12275,Dionte Christmas,SF,SF,false,76.25,81,4.75,,
203079,Dion Waiters,SG,SG,false,74.5,79.25,4.75,,
201571,D.J. Augustin,PG,PG,false,70,75.5,5.5,,
1630569,DJ Steward,UNK,UNK,false,72.75,79,6.25,,
1630597,DJ Steward,SG,SG,false,72.75,79,6.25,,
201199,DJ Strawberry,SG,SG,false,75.75,78.5,2.75,,
1628391,D.J. Wilson,PF,PF,false,80.75,87,6.25,,
1627734,Domantas Sabonis,C,C,true,82,83,1,SAC,-0.39
12219,Dominic James,UNK,UNK,false,70,74,4,,
1631230,Dominick Barlow,PF,PF,true,80.75,87,6.25,PHI,0.6
201187,Dominic McGuire,SF,SF,false,79,82.5,3.5,,
202346,Dominique Jones,PG,PG,false,75.25,81.25,6,,
12089,Donald Little,UNK,UNK,false,81.5,87,5.5,,
2051,Donnell Harvey,PF,PF,false,79.25,84.5,5.25,,
1642270,Donovan Clingan,C,C,true,85.75,90.75,5,POR,1.12
1628378,Donovan Mitchell,PG,PG,true,73.25,82,8.75,CLE,-0.15
1628978,Donte DiVincenzo,SG,SG,true,75.5,78,2.5,MIN,1.01
201590,Donte Greene,PF,PF,false,80.25,82,1.75,,
12109,D'Or Fischer,UNK,UNK,false,81.25,90,8.75,,
1627827,Dorian Finney-Smith,SF,SF,true,78.5,83.75,5.25,HOU,1.39
203117,Doron Lamb,SG,SG,false,75.25,78.75,3.5,,
203926,Doug McDermott,SF,SF,true,78.25,81.25,3,SAC,-0.91
12103,Doug Wrenn,UNK,UNK,false,77.75,91.5,13.75,,
12118,Drago Pasalic,UNK,UNK,false,81.5,83.75,2.25,,
1642962,Drake Powell,SG,SG,true,77.25,84,6.75,BKN,-0.77
203110,Draymond Green,PF,PF,true,77.75,85.25,7.5,GSW,3.21
1629234,Drew Eubanks,C,C,true,81,83,2,SAC,0.49
2400,Drew Gooden,PF,PF,false,80.75,84.5,3.75,,
12467,Drew Gordon,PF,PF,false,80,83.5,3.5,,
204079,Drew Gordon,PF,PF,false,80,83.5,3.5,,
12263,Drew Neitzel,UNK,UNK,false,71.75,74.5,2.75,,
1631166,Drew Timme,PF,PF,true,80.25,86,5.75,LAL,-0.11
1630696,Dru Smith,PG,PG,true,73.75,78,4.25,MIA,0.67
1630613,Duane Washington Jr.,SG,SG,false,74.25,79.75,5.5,,
1629130,Duncan Robinson,SG,SG,true,77.75,85,7.25,DET,-0.32
1641871,Duop Reath,C,C,true,81,85,4,POR,-0.32
12227,Dustin Salisbery,UNK,UNK,false,75,80,5,,
1628407,Dwayne Bacon,SG,SG,false,76.75,82,5.25,,
101204,Dwayne Jones,PF,PF,false,80.5,86.75,6.25,,
201383,Dwayne Mitchell,UNK,UNK,false,74,78.5,4.5,,
2730,Dwight Howard,C,C,false,81,88.5,7.5,,
203939,Dwight Powell,C,C,true,81.5,84.5,3,DAL,2.49
2548,Dwyane Wade,SG,SG,false,75.75,82.75,7,,
1642928,Dylan Cardwell,PF,PF,true,81.75,84.75,3,SAC,1.54
1642844,Dylan Harper,SG,SG,true,76.5,82.5,6,SAS,-0.73
12007,Dylan Page,UNK,UNK,false,79.5,79,-0.5,,
1629685,Dylan Windler,SF,SF,false,78.25,82,3.75,,
1630700,Dyson Daniels,SG,SG,true,78,82.5,4.5,ATL,0.77
201947,Earl Clark,PF,PF,false,80.5,86.5,6,,
2248,Earl Watson,PG,PG,false,72,78.75,6.75,,
12077,Ebi Ere,UNK,UNK,false,75.5,82.5,7,,
12133,Ed Cota,UNK,UNK,false,72.25,76,3.75,,
202334,Ed Davis,C,C,false,81,84,3,,
101188,Eddie Basden,SF,SF,false,76.25,82.25,6,,
2109,Eddie Gill,PG,PG,false,71.75,76,4.25,,
2204,Eddie Griffin,PF,PF,false,81.25,87,5.75,,
2067,Eddie House,SG,SG,false,71.75,75.5,3.75,,
2201,Eddy Curry,C,C,false,82.5,90.5,8,,
12110,Eddy Fobbs,UNK,UNK,false,82.25,90.75,8.5,,
1628410,Edmond Sumner,SG,SG,false,76,81,5,,
2059,Eduardo Najera,PF,PF,false,78.5,83.5,5,,
1642856,Egor Demin,SF,SF,true,80.25,82.25,2,BKN,-0.41
1630604,E.J. Liddell,PF,PF,true,77.5,83.75,6.25,BKN,-0.68
12218,Ekene Ibekwe,UNK,UNK,false,80,90,10,,
202327,Ekpe Udoh,C,C,false,80.75,88.5,7.75,,
203901,Elfrid Payton,PG,PG,true,74.5,80,5.5,NOP,0.96
1627765,Elgin Cook,UNK,UNK,false,77,82,5,,
1630190,Elijah Hughes,SG-SF,SG,false,76.75,79.5,2.75,,
12116,Ellis Myles,UNK,UNK,false,78,81.75,3.75,,
12057,Elvin Mims,UNK,UNK,false,76.25,85.5,9.25,,
2731,Emeka Okafor,C,C,false,80.75,88,7.25,,
1641734,Emoni Bates,SF,SF,false,80.25,81,0.75,,
202683,Enes Kanter,C,C,false,81.75,85.5,3.75,,
1642402,Enrique Freeman,SF,SF,true,79.25,86,6.75,IND,-0.56
202339,Eric Bledsoe,PG,PG,false,72.25,79.5,7.25,,
2251,Eric Chenowith,UNK,UNK,false,85,88,3,,
12132,Eric Coley,UNK,UNK,false,76,83,7,,
201569,Eric Gordon,SG,SG,true,74,81,7,PHI,-0.19
12190,Eric Hicks,UNK,UNK,false,76.75,85.5,8.75,,
203475,Erick Green,PG,PG,false,73.5,77.75,4.25,,
201953,Eric Maynor,PG,PG,false,74.25,74.5,0.25,,
1629672,Eric Paschall,PF,PF,false,78,87.75,9.75,,
12203,Eric Williams,UNK,UNK,false,79.25,88.25,9,,
2845,Erik Daniels,SF,SF,false,78.25,83,4.75,,
203513,Erik Murphy,C,C,false,80.75,82.5,1.75,,
2081,Ernest Brown,C,C,false,82,85.25,3.25,,
101141,Ersan Ilyasova,PF,PF,false,79.75,85.25,5.5,,
1630679,Ethan Thompson,SG,SG,true,75.75,78,2.25,IND,-0.1
202734,E'Twaun Moore,SG,SG,false,74.5,81.5,7,,
1630596,Evan Mobley,C,C,true,82,88,6,CLE,1.26
202323,Evan Turner,SG,SG,false,77.75,80,2.25,,
203097,Fab Melo,C,C,false,82.75,86.5,3.75,,
1630855,Fanbo Zeng,UNK,UNK,false,81.75,84.75,3,,
203105,Festus Ezeli,C,C,false,81.75,89.75,8,,
101128,Francisco Garcia,SF,SF,false,77.75,82.75,5,,
12249,Frank Elegar,UNK,UNK,false,79.25,87.25,8,,
1628402,Frank Jackson,PG,PG,false,74,79.5,5.5,,
1626163,Frank Kaminsky,C,C,false,83.75,83,-0.75,,
1628412,Frank Mason,PG,PG,false,71,75.25,4.25,,
2421,Frank Williams,SG,SG,false,73.5,80,6.5,,
12199,Frans Steyn,UNK,UNK,false,85.25,86.25,1,,
1630532,Franz Wagner,SF,SF,true,81,83.5,2.5,ORL,-0.22
2410,Fred Jones,SF,SF,false,74.25,84,9.75,,
1627832,Fred VanVleet,PG,PG,true,72,74,2,HOU,1.22
2508,Gabe Muoneke,UNK,UNK,false,78.25,84.5,6.25,,
1629216,Gabe Vincent,SG,SG,true,73.75,79,5.25,LAL,-0.49
1630629,Gabriele Procida,UNK,UNK,false,77.75,80,2.25,,
202371,Gani Lawal,PF,PF,false,79.5,84,4.5,,
201814,Gary Forbes,SG,SG,false,76.5,83.25,6.75,,
203914,Gary Harris,SG,SG,true,74.5,78.75,4.25,MIL,0.92
56,Gary Payton II,PG,PG,false,74,80,6,,
1627780,Gary Payton II,SG,SG,true,74,80,6,GSW,0.61
1629018,Gary Trent Jr.,SG,SG,true,76.25,80.75,4.5,MIL,-1.67
718,Gary Trent Jr.,C,C,false,76.25,80.75,4.5,,
201588,George Hill,PG-SG,PG,false,73.25,81,7.75,,
1628994,George King,PF,PF,false,76.75,83.5,6.75,,
1627777,Georges Niang,PF,PF,true,78.75,82,3.25,ATL,-1.3
2465,George Williams,UNK,UNK,false,77.75,84.5,6.75,,
101123,Gerald Green,SG,SG,false,78,81.75,3.75,,
201945,Gerald Henderson,SG,SG,false,76,82.25,6.25,,
201019,Gerry McNamara,UNK,UNK,false,71.75,72.75,1,,
1641713,GG Jackson,SF,SF,true,80.25,83.5,3.25,MEM,-0.71
203507,Giannis Antetokounmpo,PF,PF,true,83,87,4,MIL,1.64
2240,Gilbert Arenas,PG,PG,false,74.25,81.5,7.25,,
203922,Glenn Robinson III,SF,SF,false,77.5,82,4.5,,
203318,Glen Rice,SG,SG,false,76.5,81.25,4.75,,
1629048,Goga Bitadze,C,C,true,82.5,86,3.5,ORL,1.59
202330,Gordon Hayward,SF,SF,false,78.75,79.75,1,,
203476,Gorgui Dieng,C,C,false,81.75,87.5,5.75,,
1641711,Gradey Dick,SG,SG,true,78.25,80.75,2.5,TOR,-0.33
203511,Grant Jerrett,PF,PF,false,80.75,86,5.25,,
1641761,Grant Nelson,UNK,UNK,false,82,84,2,,
1630203,Grant Riller,PG,PG,false,72.25,77.25,5,,
1629684,Grant Williams,PF,PF,true,77.75,81.75,4,CHA,0.28
1628960,Grayson Allen,SG,SG,true,75,79.25,4.25,PHX,-0.68
1630535,Greg Brown III,PF,PF,false,79.25,84.25,5,,
12069,Greg Harrington,UNK,UNK,false,73,75.75,2.75,,
202328,Greg Monroe,C,C,false,81.75,86.25,4.5,,
201141,Greg Oden,C,C,false,83,88.25,5.25,,
12442,Gregory Smith,UNK,UNK,false,80,86.5,6.5,,
12169,Greg Stevenson,UNK,UNK,false,75.75,84.5,8.75,,
202349,Greivis Vasquez,PG,PG,false,77,79,2,,
1627824,Guerschon Yabusele,PF,PF,true,79.5,85,5.5,CHI,-0.75
1630611,Gui Santos,SG,SG,true,77.75,83,5.25,GSW,0.73
12036,Gyasi Cline-Heard,UNK,UNK,false,78.25,83.5,5.25,,
101124,Hakim Warrick,PF,PF,false,79.25,86,6.75,,
1628977,Hamidou Diallo,SF,SF,false,75.75,83.25,7.5,,
12019,Harold Arceneaux,UNK,UNK,false,76.5,80.5,4,,
203084,Harrison Barnes,SF,SF,true,79,83.25,4.25,SAS,-0.25
1631127,Harrison Ingram,SG,SG,true,77.25,84.25,7,SAS,-0.19
1628385,Harry Giles,C,C,false,81.25,87.25,6,,
201934,Hasheem Thabeet,C,C,false,85.25,90.25,5,,
202355,Hassan Whiteside,C,C,false,82.5,91,8.5,,
1629312,Haywood Highsmith,SF,SF,true,77,83.5,6.5,MIA,1.21
1627740,Henry Ellenson,PF,PF,false,82,86.25,4.25,,
203156,Henry Sims,C,C,false,82,88,6,,
201195,Herbert Hill,UNK,UNK,false,79,86.25,7.25,,
1630529,Herbert Jones,SG,SG,true,78,84.25,6.25,NOP,1.5
12182,Herve Lamizana,UNK,UNK,false,79.5,85.5,6,,
200756,Hilton Armstrong,C,C,false,81.5,88,6.5,,
12096,Hollis Price,UNK,UNK,false,71.5,76.5,5,,
203138,Hollis Thompson,SG,SG,false,78.75,81.5,2.75,,
2798,Horace Jenkins,PG,PG,false,71.75,77.25,5.5,,
1630656,Hugo Besson,UNK,UNK,false,76.5,77.5,1,,
1642864,Hugo González,SG,SG,true,78.25,82.75,4.5,BOS,1.09
1642282,Hunter Sallis,PG,PG,true,75.5,81.75,6.25,PHI,-0.54
12201,Ian Vouyoukas,UNK,UNK,false,80.5,84.75,4.25,,
1629649,Ignas Brazdeikis,SF,SF,false,77.75,81.25,3.5,,
2080,Igor Rakocevic,PG,PG,false,74.5,77.25,2.75,,
1628387,Ike Anigbogu,C,C,false,80.5,90.25,9.75,,
101113,Ike Diogu,PF,PF,false,78.5,87.5,9,,
202697,Iman Shumpert,SF,SF,false,76.25,81.5,5.25,,
12055,Immanuel McElroy,UNK,UNK,false,74.25,78.5,4.25,,
1630193,Immanuel Quickley,PG,PG,true,74,80.25,6.25,TOR,0.25
1629036,Isaac Haas,UNK,UNK,false,85.25,89,3.75,,
1642403,Isaac Jones,C,C,true,79.75,87,7.25,SAC,-0.59
1630171,Isaac Okoro,SG,SG,true,77,80.5,3.5,CHI,-0.77
1628515,Isaiah Briscoe,PG,PG,false,73.25,81,7.75,,
203477,Isaiah Canaan,PG,PG,false,71,76.5,5.5,,
1642268,Isaiah Collier,PG,PG,true,74.5,76.75,2.25,UTA,-1.26
1627766,Isaiah Cousins,UNK,UNK,false,75.25,78.25,3,,
1628392,Isaiah Hartenstein,C,C,true,83.5,86.25,2.75,OKC,3.21
1628439,Isaiah Hicks,PF,PF,false,79.25,84.5,5.25,,
1630543,Isaiah Jackson,C,C,true,80.25,87,6.75,IND,0.8
1630198,Isaiah Joe,SG,SG,true,75,79.5,4.5,OKC,-0.32
1630587,Isaiah Livers,SG,SG,true,77.75,81.25,3.5,PHX,0.69
1630600,Isaiah Mobley,PF,PF,false,80,87,7,,
1629676,Isaiah Roby,PF,PF,false,79.25,85,5.75,,
1630191,Isaiah Stewart,C,C,true,79.25,88.75,9.5,DET,1.4
202738,Isaiah Thomas,PG,PG,false,68.75,73.75,5,,
1630225,Isaiah Todd,PF,PF,false,80.75,85.25,4.5,,
1627785,Isaiah Whitehead,PG,PG,false,75.25,80.75,5.5,,
1631209,Isaiah Wong,PG,PG,true,74.5,78.75,4.25,CHA,-0.72
1631130,Ismael Kamagate,UNK,UNK,false,81.25,88,6.75,,
12064,Israel Sheinfeld,UNK,UNK,false,80.25,81.75,1.5,,
12181,Ivan Koljevic,UNK,UNK,false,73,74.5,1.5,,
200829,Ivan McFarlin,PF,PF,false,77.5,81,3.5,,
1628397,Ivan Rabb,PF,PF,false,80.75,85.5,4.75,,
12225,Ivan Radenovic,UNK,UNK,false,81,83.75,2.75,,
1631129,Iverson Molinar,UNK,UNK,false,74.25,80,5.75,,
1627826,Ivica Zubac,C,C,true,83.5,88,4.5,LAC,2.12
1641891,Izan Almansa,UNK,UNK,false,81.25,85,3.75,,
203913,Jabari Brown,SG,SG,false,75,80.25,5.25,,
1631095,Jabari Smith,PF,PF,true,82.5,85,2.5,HOU,0.25
2074,Jabari Smith,PF,PF,false,81.75,86.5,4.75,,
1631133,Jabari Walker,PF,PF,true,78.75,82.75,4,PHI,0.26
2866,Jackie Butler,C,C,false,80,85.5,5.5,,
203478,Jackie Carmichael,UNK,UNK,false,79.5,85.5,6,,
12282,Jack McClinton,UNK,UNK,false,71.75,74.5,2.75,,
2761,Jackson Vroman,PF,PF,false,81.25,84,2.75,,
1628980,Jacob Evans III,SG,SG,false,76.25,81.25,5,,
12141,Jacob Jaacks,UNK,UNK,false,81.25,83,1.75,,
1630702,Jaden Hardy,SG,SG,true,75.5,81,5.5,DAL,-0.95
1631093,Jaden Ivey,PG,PG,true,75,81,6,CHI,-0.59
1630183,Jaden McDaniels,SF,SF,true,81,83,2,MIN,1.36
1630531,Jaden Springer,SG,SG,true,75,79.75,4.75,UTA,0.58
203109,Jae Crowder,PF,PF,true,76.75,81.25,4.5,SAC,0.37
1630256,Jae'Sean Tate,SG,SG,true,76,80,4,HOU,0.8
1630186,Jahmi'us Ramsey,SG,SG,false,74.5,78,3.5,,
1631170,Jaime Jaquez Jr.,SF,SF,true,78,81.5,3.5,MIA,-0.02
12184,Jaime Lloreda,UNK,UNK,false,78.75,81.5,2.75,,
202707,JaJuan Johnson,PF,PF,false,81,86,5,,
1631222,Jake Laravia,PF,PF,true,78.75,81.5,2.75,LAL,0.36
1627774,Jake Layman,SF,SF,false,80,81.25,1.25,,
1642266,Ja'Kobe Walter,SG,SG,true,76.25,82,5.75,TOR,0.06
1627751,Jakob Poeltl,C,C,true,84.25,86.75,2.5,TOR,2.66
1641779,Jalen Bridges,SF,SF,false,78.75,82,3.25,,
1628973,Jalen Brunson,PG,PG,true,73,76,3,NYK,-1.4
1631105,Jalen Duren,C,C,true,81.25,89.25,8,DET,0.56
1630224,Jalen Green,SG,SG,true,76,79.5,3.5,PHX,-0.79
1630223,Jalen Harris,SG,SG,false,74.75,79,4.25,,
1629658,Jalen Hoard,SF,SF,false,79.25,84.75,5.5,,
1641720,Jalen Hood-Schifino,SG,SG,true,76.25,82.25,6,PHI,-0.21
1630552,Jalen Johnson,PF,PF,true,79.75,84.25,4.5,ATL,-0.25
1629665,Jalen Lecque,SG,SG,false,74.5,80.5,6,,
1629667,Jalen McDaniels,SF,SF,false,80.25,84.25,4,,
1629618,Jalen Pickett,PG,PG,true,74,79.25,5.25,DEN,-0.42
1641771,Jalen Slawson,SF,SF,false,78.5,83.75,5.25,,
1630188,Jalen Smith,PF,PF,true,81.25,86.25,5,CHI,1.05
1630591,Jalen Suggs,SG,SG,true,75.5,77.5,2,ORL,1.78
1631114,Jalen Williams,SG,SG,true,76.5,86.25,9.75,OKC,0.31
1630592,Jalen Wilson,SF,SF,true,78.75,82,3.25,BKN,-0.64
203479,Jamaal Franklin,SG,SG,false,76,83.25,7.25,,
201249,Jamaal Tatum,UNK,UNK,false,71.5,74.5,3,,
2224,Jamaal Tinsley,PG,PG,false,72.75,79.5,6.75,,
2037,Jamal Crawford,SG,SG,false,76.5,82,5.5,,
1627750,Jamal Murray,SG,SG,true,75.5,78.5,3,DEN,-0.75
1642347,Jamal Shead,PG,PG,true,72.25,75,2.75,TOR,0.42
12243,Jamar Butler,UNK,UNK,false,72.25,76.75,4.5,,
1631123,Jamaree Bouyea,PG,PG,true,72,79,7,PHX,0.24
200081,Jamario Moon,SF,SF,false,78.5,83.5,5,,
12030,Jameel Watkins,UNK,UNK,false,81.5,90,8.5,,
2749,Jameer Nelson,PG,PG,false,71,74.5,3.5,,
1628503,Jamel Artis,SG,SG,false,77.5,82,4.5,,
202341,James Anderson,SG,SG,false,76.75,80.5,3.75,,
200788,James Augustine,PF,PF,false,80.25,84.25,4,,
1630547,James Bouknight,SG,SG,false,75.5,80.25,4.75,,
203516,James Ennis,SF,SF,false,77.75,83.5,5.75,,
12409,James Fredette,UNK,UNK,false,72.75,76.5,3.75,,
12251,James Gist,UNK,UNK,false,79,88,9,,
201935,James Harden,SG,SG,true,76,82.75,6.75,LAC,-0.7
12216,James Hughes,UNK,UNK,false,81,87,6,,
201949,James Johnson,PF,PF,true,79,84.75,5.75,IND,0.79
2592,James Jones,SF,SF,false,79.25,86.5,7.25,,
2591,James Lang,C,C,false,80.25,90.25,10,,
201651,James Mays,UNK,UNK,false,78.75,85.75,7,,
203949,James McAdoo,PF,PF,false,79.5,86.25,6.75,,
12002,James Moore,UNK,UNK,false,78.5,84.5,6,,
1641762,James Nnaji,UNK,UNK,false,82.25,88,5.75,,
203480,James Southerland,SF,SF,false,79,85,6,,
203923,James Young,SG,SG,false,77.25,84,6.75,,
12441,Jamie Skeen,UNK,UNK,false,78.5,85.25,6.75,,
1642364,Jamir Watkins,SG,SG,true,77,82.75,5.75,WAS,0
1642419,Jamison Battle,SF,SF,true,79.25,81,1.75,TOR,-0.74
2249,Jamison Brewer,PG,PG,false,74.5,80.75,6.25,,
203254,JaMychal Green,C,C,false,80,86.25,6.25,,
203210,JaMychal Green,PF,PF,false,80,86.25,6.25,,
2457,Jannero Pargo,PG,PG,false,72.25,74.5,2.25,,
12029,Jaquay Walls,UNK,UNK,false,73.25,74.5,1.25,,
1641716,Jarace Walker,PF,PF,true,78.5,86.5,8,IND,-0.72
1630215,Jared Butler,PG,PG,true,74.25,76,1.75,PHI,-0.77
203099,Jared Cunningham,SG,SG,false,75.5,78.5,3,,
201162,Jared Dudley,PF,PF,false,77,79,2,,
1629607,Jared Harper,PG,PG,false,69.75,77.5,7.75,,
12112,Jared Homan,UNK,UNK,false,79.75,85.25,5.5,,
2407,Jared Jeffries,PF,PF,false,82,84.5,2.5,,
201185,Jared Jordan,UNK,UNK,false,72,72,0,,
1642272,Jared McCain,PG,PG,true,74,75.5,1.5,PHI,-0.71
2876,Jared Reiner,C,C,false,82,84.5,2.5,,
203096,Jared Sullinger,PF,PF,false,79.75,85.25,5.5,,
1626185,Jarell Martin,PF,PF,false,80,81,1,,
1628991,Jaren Jackson Jr.,PF,PF,true,81.75,89.25,7.5,MEM,1.43
1114,Jaren Jackson Jr.,SG,SG,false,81.75,89.25,7.5,,
203950,Jarnell Stokes,C,C,false,79,85.25,6.25,,
1628417,Jaron Blossomgame,SF,SF,false,78.25,82,3.75,,
1629020,Jarred Vanderbilt,C,C,true,80.5,85,4.5,LAL,2.34
1628386,Jarrett Allen,C,C,true,81,89.25,8.25,CLE,1.92
1629633,Jarrett Culver,SF,SF,false,77.25,81.5,4.25,,
101127,Jarrett Jack,PG,PG,false,74.5,79.5,5,,
12027,Jarrett Stephens,UNK,UNK,false,77.25,81.25,4,,
1627784,Jarrod Uthoff,PF,PF,false,80.5,83.5,3,,
2260,Jarron Collins,C,C,false,81.25,87,5.75,,
12346,Jarvis Varnado,C,C,false,80.25,87.5,7.25,,
202363,Jarvis Varnado,PF,PF,false,80.25,87.5,7.25,,
1642859,Jase Richardson,PG,PG,true,72.5,78,5.5,ORL,-1.03
2215,Jason Collins,C,C,false,82.25,88.5,6.25,,
-1,Jason Gardner,UNK,UNK,false,69.75,73.25,3.5,,
2078,Jason Hart,PG,PG,false,73.75,78,4.25,,
12049,Jason Jennings,UNK,UNK,false,83.25,91,7.75,,
2574,Jason Kapono,SG,SG,false,78.5,78.5,0,,
12087,Jason Keep,UNK,UNK,false,81.75,84.5,2.75,,
201318,Jason Klotz,UNK,UNK,false,80.5,82,1.5,,
101131,Jason Maxiell,PF,PF,false,77,87.25,10.25,,
1630554,Jason Preston,PG,PG,false,75,80.5,5.5,,
2202,Jason Richardson,SG,SG,false,76.75,83.5,6.75,,
201160,Jason Smith,C-PF,C,false,82.75,82.75,0,,
201580,JaVale McGee,C,C,false,83,90,7,,
201159,Javaris Crittenton,"PG,SG","PG,SG",false,75,77.5,2.5,,
1642914,Javon Small,PG,PG,true,73,76.75,3.75,MEM,-1.11
1629750,Javonte Green,SG,SG,true,76.75,84,7.25,DET,1.09
101214,Jawad Williams,SF,SF,false,79,85.25,6.25,,
1628393,Jawun Evans,PG,PG,false,70.75,77.5,6.75,,
1629637,Jaxson Hayes,C,C,true,82.25,87.5,5.25,LAL,0.83
1642283,Jaxson Robinson,UNK,UNK,false,76.75,83.25,6.5,,
1630206,Jayden Scrubb,SG,SG,false,77,81.5,4.5,,
1630643,Jay Huff,C,C,true,85,88,3,IND,0.24
1628965,Jaylen Barford,UNK,UNK,false,73.25,75.5,2.25,,
1627759,Jaylen Brown,SF,SF,true,77.25,83.75,6.5,BOS,-1.25
1641740,Jaylen Clark,SG,SG,true,76,81,5,MIN,0.86
1628986,Jaylen Hands,UNK,UNK,false,73.5,77.5,4,,
1629669,Jaylen Nowell,PG,PG,true,75.25,79.25,4,NOP,-0.93
1642377,Jaylen Wells,SG,SG,true,78.5,79.25,0.75,MEM,-0.94
1631119,Jaylin Williams,PF,PF,true,80.75,85,4.25,OKC,1
1642281,Jaylon Tyson,SG,SG,true,77.5,80,2.5,CLE,-0.44
1628369,Jayson Tatum,PF,PF,true,79.5,83,3.5,BOS,0.22
2398,Jay Williams,PG,PG,false,72.25,75.5,3.25,,
12458,J'Covan Brown,UNK,UNK,false,73,77.25,4.25,,
1631120,JD Davison,PG,PG,true,72.5,78.5,6,HOU,0.5
1631168,Jean Montero,UNK,UNK,false,73,77.25,4.25,,
202399,Jeff Adrien,PF,PF,false,77.25,86,8.75,,
201965,Jeff Ayres,C,C,false,80.75,85,4.25,,
201145,Jeff Green,PF,PF,true,79,85.25,6.25,HOU,-1.31
12092,Jeff Newton,UNK,UNK,false,80,85,5,,
203106,Jeff Taylor,SF,SF,false,78,78.25,0.25,,
201952,Jeff Teague,PG,PG,false,72.25,79.5,7.25,,
203481,Jeff Withey,C,C,false,82.75,86,3.25,,
203924,Jerami Grant,SF,SF,true,78.5,86.75,8.25,POR,-0.84
202077,Jerel McNeal,PG,PG,false,73.5,79.25,5.75,,
12283,Jerel McNeal,PG,PG,false,73.5,79.25,5.75,,
12436,Jereme Richmond,UNK,UNK,false,78,82.25,4.25,,
1642847,Jeremiah Fears,PG,PG,true,74.5,77.25,2.75,NOP,0.06
1630526,Jeremiah Robinson-Earl,PF,PF,true,79.75,81.75,2,DAL,-0.36
12217,Jeremy Hunt,UNK,UNK,false,74,80.25,6.25,,
203087,Jeremy Lamb,SF-SG,SF,false,76,83,7,,
12264,Jeremy Pargo,PG,PG,false,72.5,77,4.5,,
202951,Jeremy Pargo,PG,PG,false,72.5,77,4.5,,
1631110,Jeremy Sochan,PF,PF,true,79.5,84,4.5,SAS,-0.5
202719,Jeremy Tyler,C,C,false,81,89,8,,
1626170,Jerian Grant,SG,SG,false,75.25,79.5,4.25,,
1630579,Jericho Sims,C,C,true,81,87.25,6.25,MIL,0.13
2651,Jermaine Boyette,UNK,UNK,false,73,76,3,,
201966,Jermaine Taylor,SG,SG,false,75.5,80.75,5.25,,
201176,Jermareo Davidson,SF,SF,false,81,88,7,,
2602,Jerome Beasley,PF,PF,false,81,84.5,3.5,,
12329,Jerome Jordan,C,C,false,83.5,89.25,5.75,,
1629010,Jerome Robinson,SG,SG,false,76,79.25,3.25,,
201573,Jerryd Bayless,PG,PG,false,73.75,75.5,1.75,,
12151,Jerry Green,UNK,UNK,false,73.5,78.25,4.75,,
12082,Jerry Holman,UNK,UNK,false,80.75,87.25,6.5,,
2219,Jeryl Sasser,SG,SG,false,77.5,82.5,5,,
1642399,Jesse Edwards,C,C,false,83.5,89,5.5,,
1641724,Jett Howard,SG,SG,true,78.25,81,2.75,ORL,-1.05
1628975,Jevon Carter,PG,PG,true,72.25,76.25,4,ORL,-0.1
2111,Jimmie Hunter,UNK,UNK,false,75,80,5,,
202710,Jimmy Butler,SF,SF,true,78,79.5,1.5,GSW,0.62
12255,Jiri Hubalek,UNK,UNK,false,81.5,82.75,1.25,,
200755,JJ Redick,SG,SG,false,76,75.25,-0.75,,
12200,Joah Tucker,UNK,UNK,false,75.75,78.5,2.75,,
201149,Joakim Noah,C,C,false,82,85.25,3.25,,
12297,Jobey Thomas,UNK,UNK,false,74.75,77.75,3,,
1629111,Jock Landale,C,C,true,83,86,3,ATL,-0.44
201975,Jodie Meeks,SG,SG,false,75,76.5,1.5,,
201570,Joe Alexander,SF,SF,false,79.25,83.5,4.25,,
201621,Joe Crawford,SF,SF,false,75,77.75,2.75,,
12245,Joe Crawford,UNK,UNK,false,75,77.75,2.75,,
203925,Joe Harris,SG,SG,false,76.75,78,1.25,,
204060,Joe Ingles,SF,SF,true,79.75,82.25,2.5,MIN,-0.08
12279,Joe Ingles,UNK,UNK,false,79.75,82.25,2.5,,
2207,Joe Johnson,SF,SF,false,78.75,81,2.25,,
1627762,Joel Bolomboy,PF,PF,false,79.5,85.75,6.25,,
12074,Joel Cornette,UNK,UNK,false,80.25,81.25,1,,
203954,Joel Embiid,C,C,true,83.75,89,5.25,PHI,0.82
12097,Joe Shipp,UNK,UNK,false,76,82,6,,
1630580,Joe Wieskamp,SF,SF,false,77.75,83,5.25,,
201595,Joey Dorsey,PF,PF,false,78.25,85.75,7.5,,
101121,Joey Graham,SF,SF,false,77.25,80,2.75,,
1628405,Johnathan Motley,PF,PF,false,79.75,88,8.25,,
1631219,John Butler,C,C,false,83.75,86.25,2.5,,
1628381,John Collins,PF,PF,true,80.25,83.25,3,LAC,0.89
2823,John Edwards,C,C,false,83.25,88.5,5.25,,
12111,John Gilchrist,UNK,UNK,false,73.25,81.25,8,,
203089,John Henson,C,C,false,81,89,8,,
1641780,Johni Broome,PF,PF,true,81.25,84.25,3,PHI,-0.21
203098,John Jenkins,SG,SG,false,75.25,80.5,5.25,,
1629723,John Konchar,SG,SG,true,76.75,80,3.25,UTA,1.72
101249,John Lucas III,PG,PG,false,69.25,72,2.75,,
1642277,Johnny Furphy,SF,SF,true,79.5,80,0.5,IND,1.04
12138,Johnny Hemsley,UNK,UNK,false,74.75,80,5.25,,
1630548,Johnny Juzang,SG,SG,true,77.5,82.5,5,MIN,-1.2
203948,Johnny O?Bryant III,PF,PF,false,79.25,86.25,7,,
1630566,John Petty Jr.,UNK,UNK,false,76.5,81.5,5,,
12259,John Riek,UNK,UNK,false,82.5,92.75,10.25,,
2422,John Salmons,SF,SF,false,77.5,82.25,4.75,,
1642910,John Tonje,SG,SG,false,76.75,81,4.25,,
202322,John Wall,PG,PG,false,74.75,81.25,6.5,,
202685,Jonas Valanciunas,C,C,true,83,89,6,DEN,-0.8
1631098,Jonathan Davis,SG,SG,true,76.25,80.5,4.25,WAS,0.21
1626182,Jonathan Holmes,UNK,UNK,false,80.25,83.5,3.25,,
1628371,Jonathan Isaac,PF,PF,true,82.5,85,2.5,ORL,2.57
1630228,Jonathan Kuminga,SF,SF,true,79,83.25,4.25,GSW,-0.65
1642367,Jonathan Mogbo,PF,PF,true,78.25,86,7.75,TOR,0.86
202739,Jon Diebler,UNK,UNK,false,77.25,78,0.75,,
202720,Jon Leuer,PF,PF,false,82,84,2,,
201938,Jonny Flynn,PG,PG,false,71.25,76,4.75,,
12341,Jon Scheyer,UNK,UNK,false,76.75,75.25,-1.5,,
1629007,Jontay Porter,PF,PF,false,82,84.25,2.25,,
203919,Jordan Adams,SG,SG,false,75.5,82,6.5,,
203947,Jordan Bachynski,UNK,UNK,false,85.25,88,2.75,,
1628395,Jordan Bell,C,C,false,79,83.75,4.75,,
1629648,Jordan Bone,PG,PG,false,73.5,75.25,1.75,,
203903,Jordan Clarkson,SG,SG,true,75.25,80,4.75,NYK,-1.79
202348,Jordan Crawford,SG,SG,false,75,79,4,,
200770,Jordan Farmar,PG,PG,false,72.75,75,2.25,,
1630692,Jordan Goodwin,SG,SG,true,74.75,82,7.25,PHX,0.64
202706,Jordan Hamilton,SF,SF,false,78.75,81.5,2.75,,
1641722,Jordan Hawkins,SG,SG,true,76.25,78.75,2.5,NOP,-1.67
201941,Jordan Hill,C,C,false,81.25,85.5,4.25,,
1629162,Jordan McLaughlin,PG,PG,true,71,76.5,5.5,SAS,0.48
203895,Jordan McRae,SG,SG,false,75.75,84.5,8.75,,
1626175,Jordan Mickey,PF,PF,false,79,87.25,8.25,,
1641757,Jordan Miller,SG,SG,true,76.5,83.75,7.25,LAC,-0.25
1629670,Jordan Nwora,SF,SF,false,77.75,82.5,4.75,,
1629673,Jordan Poole,SG,SG,true,75.5,78.75,3.25,NOP,-1.47
12507,Jordan Taylor,UNK,UNK,false,73,75,2,,
1641775,Jordan Walsh,SG,SG,true,77.75,85.75,8,BOS,1.12
202716,Jordan Williams,C,C,false,79.75,84.25,4.5,,
1630631,Jose Alvarado,PG,PG,true,71,73,2,NOP,0.4
2218,Joseph Forte,SG,SG,false,75.5,78.5,3,,
12258,Joseph Jones,UNK,UNK,false,79,84.25,5.25,,
2735,Josh Childress,SF,SF,false,77.75,83,5.25,,
1630528,Josh Christopher,SG,SG,false,75.25,81.25,6,,
12248,Josh Duncan,UNK,UNK,false,80,83.5,3.5,,
1630581,Josh Giddey,PG,PG,true,80,79.5,-0.5,CHI,-0.61
1630182,Josh Green,SG,SG,true,76.5,81.75,5.25,CHA,0.86
1628404,Josh Hart,SG,SG,true,76,80.5,4.5,NYK,0.4
12278,Josh Heytvelt,UNK,UNK,false,82,85.25,3.25,,
2572,Josh Howard,SF,SF,false,77.25,86,8.75,,
201177,Josh McRoberts,PF,PF,false,80,85,5,,
1631125,Josh Minnott,UNK,UNK,false,80,84,4,,
1631169,Josh Minott,PF,PF,true,79.5,83.75,4.25,BOS,1.21
1629006,Josh Okogie,SG,SG,true,75,84,9,HOU,1.31
2694,Josh Powell,PF,PF,false,80,85,5,,
202729,Josh Selby,PG,PG,false,73.75,77.25,3.5,,
2746,Josh Smith,PF,PF,false,79,84,5,,
1630221,Joshua Hall,SF,SF,false,78,83,5,,
1630563,Joshua Primo,SG,SG,false,76,81.25,5.25,,
12124,J.P. Batista,UNK,UNK,false,79.5,82,2.5,,
1626160,J.P. Tokoto,UNK,UNK,false,77.25,82,4.75,,
2452,J.R. Bremer,PG,PG,false,73.25,74.25,1,,
201592,J.R. Giddens,SF,SF,false,76,83.25,7.25,,
12226,JR Reynolds,UNK,UNK,false,72,75.25,3.25,,
2747,J.R. Smith,SG,SG,false,77.5,82,4.5,,
201950,Jrue Holiday,SG,SG,true,75.25,79,3.75,POR,-0.63
1630550,JT Thor,PF,PF,true,80.5,87.25,6.75,WAS,-0.78
1642356,JT Toppin,PF,PF,false,79,84.5,5.5,,
12115,Juan Mendez,UNK,UNK,false,77.25,84,6.75,,
1642361,Juan Nuñez,UNK,UNK,false,76,78.5,2.5,,
1641758,Judiah Mintz,UNK,UNK,false,75,75.5,0.5,,
1630577,Julian Champagnie,SG,SG,true,78.5,82,3.5,SAS,0.36
1641763,Julian Phillips,SG,SG,true,78.75,83.5,4.75,CHI,0.09
201324,Julian Sensley,UNK,UNK,false,79,83.5,4.5,,
1631124,Julian Strawther,SG,SG,true,77.75,81.5,3.75,DEN,-1.01
201153,Julian Wright,SF,SF,false,78.5,86.25,7.75,,
12022,Julius Doc Robinson,UNK,UNK,false,72,75.75,3.75,,
101125,Julius Hodge,SG,SG,false,78,84.5,6.5,,
203944,Julius Randle,PF,PF,true,79.75,84,4.25,MIN,-0.84
1626147,Justin Anderson,SF,SF,false,77.25,83.75,6.5,,
1630551,Justin Champagnie,SG,SG,true,77.75,81.5,3.75,WAS,-0.15
12209,Justin Doellman,UNK,UNK,false,80,80.75,0.75,,
1642348,Justin Edwards,SG,SG,true,78,82,4,PHI,-0.79
12080,Justin Hamilton,UNK,UNK,false,75,83,8,,
202712,Justin Harper,PF,PF,false,80,83.75,3.75,,
204211,Justin Jackson,UNK,UNK,false,79,82.75,3.75,,
1628992,Justin Jackson (UMD),UNK,UNK,false,77.75,87.25,9.5,,
1628382,Justin Jackson (UNC),SF,SF,false,79,83,4,,
1631171,Justin Lewis,SF,SF,false,78.25,86.5,8.25,,
2090,Justin Love,UNK,UNK,false,73.5,76.5,3,,
1628383,Justin Patton,C,C,false,82,87,5,,
200818,Justin Williams,C,C,false,79.25,85.5,6.25,,
1626159,Justise Winslow,PF,PF,false,76.5,82.25,5.75,,
203994,Jusuf Nurkic,C,C,true,83.5,86,2.5,UTA,1.5
1628443,Kadeem Allen,PG,PG,false,73,81.25,8.25,,
1630232,Kahlil Whitney,UNK,UNK,false,77.5,84.25,6.75,,
1630539,Kai Jones,C,C,true,82,85.75,3.75,DAL,0.15
1629700,Kaleb Wesson,UNK,UNK,false,81.25,87.5,6.25,,
1642880,Kam Jones,SG,SG,true,75.25,78,2.75,IND,-1.07
1642873,Kam Williams,C,C,true,78.75,84,5.25,BOS,-0.29
2416,Kareem Rush,SG,SG,false,76.75,81.75,5,,
1630211,Karim Mane,PG,PG,false,77,83,6,,
12025,Karim Shabazz,UNK,UNK,false,83.5,87,3.5,,
1626157,Karl-Anthony Towns,C,C,true,83,87.5,4.5,NYK,0.53
1631255,Karlo Matković,PF,PF,true,81.75,84,2.25,NOP,0.55
1642857,Kasparas Jakucionis,SG,SG,true,76.75,79.75,3,MIA,0.16
202695,Kawhi Leonard,SF,SF,true,78,87,9,LAC,1.32
1627770,Kay Felder,PG,PG,false,68.25,74.5,6.25,,
1630811,Keaton Wallace,PG,PG,true,73.75,79,5.25,ATL,-0.23
1631099,Keegan Murray,PF,PF,true,79.5,84,4.5,SAC,0.33
1629037,Keenan Evans,SG,SG,false,73.5,77.25,3.75,,
1626208,Keifer Sykes,PG,PG,false,70.5,74,3.5,,
12054,Kei Madison,UNK,UNK,false,79.75,84.5,4.75,,
1628966,Keita Bates-Diop,SF,SF,false,79.25,87.25,8,,
202728,Keith Benson,C,C,false,82,87.75,5.75,,
2586,Keith Bogans,SG,SG,false,76.25,81.25,5,,
201812,Keith Brumbaugh,UNK,UNK,false,79.5,79.25,-0.25,,
12316,Keith Gallon,UNK,UNK,false,80.5,88.5,8,,
101247,Keith Langford,SG,SG,false,74.25,81,6.75,,
1629640,Keldon Johnson,SF,SF,true,76.75,81.25,4.5,SAS,-0.61
1642276,Kel'el Ware,C,C,true,83.75,88.5,4.75,MIA,-0.39
203482,Kelly Olynyk,C,C,true,82.75,81.75,-1,SAS,0.89
1626162,Kelly Oubre,SG,SG,true,77.75,86.25,8.5,PHI,-0.28
12009,Kelvin Pena,UNK,UNK,false,74.25,78.5,4.25,,
202689,Kemba Walker,PG,PG,false,71.5,75.5,4,,
1631112,Kendall Brown,SG,SG,false,78.25,83,4.75,,
203088,Kendall Marshall,PG,PG,false,75.25,77.5,2.25,,
203899,Kendall Williams,UNK,UNK,false,74.25,77.5,3.25,,
2256,Ken Johnson,C,C,false,82.75,88,5.25,,
1631113,Kennedy Chandler,PG,PG,false,71.5,77.25,5.75,,
1628452,Kennedy Meeks,UNK,UNK,false,80.75,85,4.25,,
202702,Kenneth Faried,C,C,false,78,84,6,,
1631254,Kenneth Lofton Jr.,PF,PF,false,78,85,7,,
12123,Kenny Adeleke,UNK,UNK,false,78.5,82.25,3.75,,
12152,Kenny Gregory,UNK,UNK,false,75.5,83.25,7.75,,
203483,Kenny Kadji,UNK,UNK,false,80.75,87,6.25,,
12167,Kenny Satterfield,UNK,UNK,false,73,76.5,3.5,,
1629026,Kenrich Williams,SG,SG,true,78,79.25,1.25,OKC,1.57
203484,Kentavious Caldwell-Pope,SG,SG,true,76.5,80,3.5,MEM,0.14
201863,Kentrell Gransberry,UNK,UNK,false,78.75,82.25,3.5,,
12143,Kenyon Jones,UNK,UNK,false,81,85,4,,
1630231,Kenyon Martin Jr.,SF,SF,true,78,79.25,1.25,UTA,-0.81
1631165,Keon Ellis,SG,SG,true,75.5,80.5,5,CLE,1.03
1630553,Keon Johnson,SG,SG,true,75.5,79.25,3.75,BKN,-0.32
1642352,Keshad Johnson,PF,PF,true,78.25,82.25,4,MIA,-0.44
1630556,Kessler Edwards,SF,SF,true,79,83.25,4.25,DAL,0.13
201142,Kevin Durant,SF,SF,true,81,88.75,7.75,HOU,0.02
1628987,Kevin Hervey,PF,PF,false,78.5,87.5,9,,
1628989,Kevin Huerter,SG,SG,true,78.25,79.5,1.25,CHI,-0.16
203158,Kevin Jones,PF,PF,false,78.25,85.5,7.25,,
1628995,Kevin Knox,SF,SF,true,79.75,83.75,4,GSW,-0.78
201567,Kevin Love,PF,PF,true,79.75,83.25,3.5,UTA,-0.87
2677,Kevin Lyde,UNK,UNK,false,80.75,86,5.25,,
1641755,Kevin McCullar,SG,SG,true,77.25,81,3.75,NYK,-0.28
1631256,Kevin McCullar Jr.,SG,SG,false,77.25,81,3.75,,
203122,Kevin Murphy,SG,SG,false,77,78.75,1.75,,
200819,Kevin Pittsnogle,UNK,UNK,false,81.25,82.5,1.25,,
1629645,Kevin Porter Jr.,PG,PG,true,76,81,5,MIL,0.52
1626172,Kevon Looney,C,C,true,80,87.5,7.5,NOP,1.1
12127,Keydren Clark,UNK,UNK,false,69,74.5,5.5,,
1641749,Keyontae Johnson,SG,SG,false,76,84,8,,
1641718,Keyonte George,PG,PG,true,74.5,81.25,6.75,UTA,-2.4
1629644,Kezie Okpala,PF,PF,false,79.25,85.75,6.5,,
2064,Khalid El-Amin,PG,PG,false,69,73.5,4.5,,
1631215,Khalifa Diop,UNK,UNK,false,82.5,87,4.5,,
1642863,Khaman Maluach,C,C,true,84.75,90.75,6,PHX,0.89
203920,Khem Birch,C,C,false,79.5,85,5.5,,
203114,Khris Middleton,SF,SF,true,78.75,82.75,4,WAS,-0.41
1629017,Khyri Thomas,SG,SG,false,74.5,82.5,8,,
1629681,Killian Tillie,C,C,false,80.75,80,-0.75,,
2386,Kimani Ffriend,UNK,UNK,false,81.5,82.75,1.25,,
203119,Kim English,SG,SG,false,76.5,78.5,2,,
2213,Kirk Haston,SF,SF,false,80,84.25,4.25,,
2550,Kirk Hinrich,PG,PG,false,74.75,78,3.25,,
2632,Kirk Penney,SG,SG,false,77,77.25,0.25,,
2745,Kirk Snyder,"PF,SF","PF,SF",false,78,81,3,,
203909,K.J. McDaniels,SF,SF,false,76.5,83.25,6.75,,
1642354,KJ Simpson,PG,PG,true,72.25,76.5,4.25,CHA,-0.77
202691,Klay Thompson,SG,SG,true,77.75,81,3.25,DAL,-0.39
1641738,Kobe Brown,PF,PF,true,78.5,84.75,6.25,LAC,-0.46
1641723,Kobe Bufkin,PG,PG,true,76.25,79.75,3.5,LAL,-0.65
1642920,Kobe Sanders,PF,PF,true,79,80.25,1.25,LAC,-0.73
1628424,Kobi Simmons,PG,PG,false,75.25,78,2.75,,
1642886,Koby Brea,SG,SG,true,77.75,77.25,-0.5,PHX,-0.58
1630594,Kofi Cockburn,UNK,UNK,false,83,88.25,5.25,,
1642851,Kon Knueppel,SG,SG,true,77,78.25,1.25,CHA,-1.08
1628961,Kostas Antetokounmpo,PF,PF,false,81,86.25,5.25,,
1627739,Kris Dunn,SG,SG,true,75,81.5,6.5,LAC,1.26
2743,Kris Humphries,PF,PF,false,80.25,84.5,4.25,,
203126,Kris Joseph,SF,SF,false,78,83,5,,
12051,Kris Lang,UNK,UNK,false,81.25,83.75,2.5,,
1631200,Kris Murray,SF,SF,true,79.75,83.75,4,POR,1.44
204001,Kristaps Porzingis,C,C,true,86.5,90,3.5,ATL,0.8
1629025,Kris Wilkes,UNK,UNK,false,78.5,82.25,3.75,,
2198,Kwame Brown,C,C,false,82,85,3,,
1629065,Ky Bowman,PG,PG,false,73,79,6,,
203937,Kyle Anderson,PF,PF,true,79.5,86.75,7.25,UTA,1.12
1642271,Kyle Filipowski,C,C,true,82.75,82.5,-0.25,UTA,-0.23
1629657,Kyle Guy,SG,SG,false,72.75,76.5,3.75,,
12254,Kyle Hines,UNK,UNK,false,75.75,85.25,9.5,,
2594,Kyle Korver,SF,SF,false,78.25,81.5,3.25,,
1628398,Kyle Kuzma,SF,SF,true,80,84.25,4.25,MIL,-1.48
200768,Kyle Lowry,PG,PG,true,71.75,74,2.25,PHI,0.74
203124,Kyle O'Quinn,C,C,false,80.5,88.75,8.25,,
202713,Kyle Singler,SF,SF,false,79.5,82.1,2.6,,
12234,Kyle Visser,UNK,UNK,false,82,83,1,,
1627787,Kyle Wiltjer,PF,PF,false,80.75,84.25,3.5,,
202681,Kyrie Irving,PG,PG,true,73.75,76,2.25,DAL,-0.72
1642273,Kyshawn George,SF,SF,true,79,82.25,3.25,WAS,0.04
12407,LaceDarius Dunn,UNK,UNK,false,75,78.25,3.25,,
1642950,Lachlan Olbrich,C,C,true,80.75,83.25,2.5,CHI,0.62
200746,LaMarcus Aldridge,C,C,false,82,88.75,6.75,,
203934,Lamar Patterson,SG,SG,false,76,83,7,,
1630205,Lamar Stevens,PF,PF,true,77.75,81,3.25,MEM,0.23
1630163,LaMelo Ball,PG,PG,true,78,80,2,CHA,-0.5
12020,Lamont Barnes,UNK,UNK,false,80.5,87.5,7,,
202362,Lance Stephenson,PG-SG,PG,false,76.5,82.5,6,,
1629013,Landry Shamet,SG,SG,true,76,78.75,2.75,NYK,-0.03
203941,LaQuinton Ross,UNK,UNK,false,78.5,85.75,7.25,,
2006,Larry Nance,UNK,UNK,false,79.5,85.5,6,,
1626204,Larry Nance Jr.,PF,PF,true,79.5,85.5,6,CLE,0.75
12117,Larry O'Bannon,UNK,UNK,false,75,78,3,,
202336,Larry Sanders,C,C,false,81.25,89.75,8.5,,
1628374,Lauri Markkanen,PF,PF,true,83,83,0,UTA,-0.3
12073,LaVell Blanchard,UNK,UNK,false,78,78,0,,
2068,Lavor Postell,SG,SG,false,76.5,80.5,4,,
101160,Lawrence Roberts,PF,PF,false,79.5,81.5,2,,
202351,Lazar Hayward,SF,SF,false,76.5,84.75,8.25,,
40046,Lazaros Papadopoulos,UNK,UNK,false,82.25,86.5,4.25,,
2544,LeBron James,SF,SF,true,80.5,84.25,3.75,LAL,-0.75
12287,Lee Benson,UNK,UNK,false,80.25,85.75,5.5,,
12168,Lee Scruggs,UNK,UNK,false,82.25,89.75,7.5,,
12043,Lenny Cooke,UNK,UNK,false,77.5,85,7.5,,
1631159,Leonard Miller,PF,PF,true,81.25,86,4.75,MIN,-0.45
201991,Lester Hudson,SG,SG,false,71.75,80.75,9,,
1642862,Liam McNeeley,SG,SG,true,78.75,80.5,1.75,CHA,-0.63
201848,Longar Longar,UNK,UNK,false,81,85.25,4.25,,
2495,Lonnie Jones,UNK,UNK,false,82.25,86.25,4,,
1629022,Lonnie Walker IV,SG,SG,true,75.75,82.25,6.5,PHI,-1.21
2437,Lonny Baxter,"C,PF","C,PF",false,78.25,85.5,7.25,,
1628366,Lonzo Ball,PG,PG,true,77.25,81,3.75,CLE,1.39
2254,Loren Woods,C,C,false,84.75,89.5,4.75,,
203485,Lorenzo Brown,PG,PG,false,76,79,3,,
200811,Lou Amundson,PF,PF,false,79.2,83.5,4.3,,
1629663,Louis King,SF,SF,false,78.75,84.25,5.5,,
12286,Lubos Barton,UNK,UNK,false,78.5,84,5.5,,
201601,Luc Mbah a Moute,PF,PF,false,77.75,86.5,8.75,,
1629652,Luguentz Dort,SG,SG,true,74.75,80.5,5.75,OKC,1.29
2784,Luis Flores,PG,PG,false,72.5,79.5,7,,
1629029,Luka Doncic,SF,SF,true,78.5,83,4.5,LAL,-0.69
1630568,Luka Garza,C,C,true,82,85.5,3.5,BOS,0.01
1629677,Luka Samanic,PF,PF,false,81.5,82.5,1,,
202337,Luke Babbitt,SF,SF,false,79.5,83.25,3.75,,
202376,Luke Harangody,PF,PF,false,78,81.5,3.5,,
2739,Luke Jackson,SF,SF,false,78,80.5,2.5,,
1628379,Luke Kennard,SG,SG,true,76.5,77.25,0.75,LAL,-0.2
1628436,Luke Kornet,C,C,true,85,85,0,SAS,1.97
2458,Luke Recker,UNK,UNK,false,76.75,79,2.25,,
2557,Luke Ridnour,PG,PG,false,73,75,2,,
101195,Luke Schenscher,C,C,false,83.75,89,5.25,,
2575,Luke Walton,PF,PF,false,79.75,80.5,0.75,,
2736,Luol Deng,SF,SF,false,79,84.5,5.5,,
101129,Luther Head,PG,PG,false,74,77.25,3.25,,
2696,Lynn Greer,SG,SG,false,72.25,73,0.75,,
12261,Maarty Leunen,UNK,UNK,false,79.25,80,0.75,,
12235,Major Wingate,UNK,UNK,false,80.5,88,7.5,,
1630588,Makur Maker,UNK,UNK,false,82.25,85.75,3.5,,
1627781,Malachi Richardson,SG,SG,false,76.75,84,7.25,,
1631103,Malaki Branham,SG,SG,true,76,82,6,WAS,-0.78
1627763,Malcolm Brogdon,PG,PG,true,75.75,82.5,6.75,WAS,-1.06
202723,Malcolm Lee,SG,SG,false,76,81.75,5.75,,
12445,Malcolm Thomas,UNK,UNK,false,79.5,84.5,5,,
202952,Malcolm Thomas,PF,PF,false,79.5,84.5,5,,
2124,Malik Allen,PF,PF,false,80.25,86.5,6.25,,
1627736,Malik Beasley,SG,SG,true,75.5,79,3.5,DET,-0.98
201612,Malik Hairston,SG,SG,false,76.25,81,4.75,,
1628370,Malik Monk,PG,PG,true,74.25,77,2.75,SAC,-1.05
1629005,Malik Newman,SG,SG,false,74.25,77.75,3.5,,
1629603,Mamadi Diakite,PF,PF,false,80.5,87.75,7.25,,
202412,Manny Harris,SG,SG,false,76,79.25,3.25,,
12260,Marcelus Kemp,UNK,UNK,false,75,80.5,5.5,,
101162,Marcin Gortat,C,C,false,83,87.5,4.5,,
12193,Marco Killingsworth,UNK,UNK,false,77.5,87,9.5,,
1630542,Marcus Bagley,SF,SF,true,78,83,5,PHI,0.17
12106,Marcus Campbell,UNK,UNK,false,82.25,90,7.75,,
203134,Marcus Denmon,UNK,UNK,false,74.25,77,2.75,,
12177,Marcus Douthit,UNK,UNK,false,81.5,88,6.5,,
12247,Marcus Dove,UNK,UNK,false,78.75,83.5,4.75,,
12136,Marcus Goree,UNK,UNK,false,79.5,84.5,5,,
2409,Marcus Haislip,SF,SF,false,80.5,84,3.5,,
2618,Marcus Hatten,UNK,UNK,false,72.75,78.25,5.5,,
1629159,Marcus Lee,UNK,UNK,false,81,87,6,,
12001,Marcus Melvin,UNK,UNK,false,78.75,84,5.25,,
12003,Marcus Moore,UNK,UNK,false,76,81,5,,
202694,Marcus Morris,PF,PF,false,79,82,3,,
1627779,Marcus Paige,PG,PG,false,72.5,78.25,5.75,,
1631204,Marcus Sasser,PG,PG,true,73.25,79,5.75,DET,-0.32
201201,Marcus Slaughter,UNK,UNK,false,79,83.5,4.5,,
203935,Marcus Smart,SG,SG,true,74,81.25,7.25,LAL,0.6
2445,Marcus Taylor,UNK,UNK,false,73,76.5,3.5,,
201977,Marcus Thornton,SG,SG,false,74.75,77,2.25,,
200766,Marcus Williams,PG,PG,false,74,79,5,,
1630681,Marcus Zegarowski,UNK,UNK,false,72.75,74.75,2,,
200776,Mardy Collins,SG,SG,false,76.25,82,5.75,,
1629621,Marial Shayok,SG,SG,false,76.5,84.25,7.75,,
12131,Mario Bland,UNK,UNK,false,77.5,84,6.5,,
12205,Mario Boggan,UNK,UNK,false,77,86,9,,
2435,Mario Kasun,C,C,false,83.75,83.5,-0.25,,
1630699,MarJon Beauchamp,SG,SG,true,77.25,84.75,7.5,PHI,-0.42
203900,Markel Brown,SG,SG,false,74.5,80.75,6.25,,
1628365,Markelle Fultz,PG,PG,true,75,81.75,6.75,SAC,-0.09
202693,Markieff Morris,PF,PF,true,79.75,82.75,3,LAL,-0.54
2077,Mark Karcher,UNK,UNK,false,76,80,4,,
2058,Mark Madsen,C,C,false,80,84.5,4.5,,
2060,Marko Jaric,SG,SG,false,78.5,81,2.5,,
12222,Marko Lekic,UNK,UNK,false,81,85,4,,
12296,Marko Tomas,UNK,UNK,false,78.5,79,0.5,,
1641813,Mark Sears,PG,PG,true,70.25,74,3.75,MIL,-0.99
201872,Mark Tyndale,UNK,UNK,false,74.75,83,8.25,,
1630210,Markus Howard,SG,SG,false,69.5,72.25,2.75,,
1631109,Mark Williams,C,C,true,84,90.5,6.5,PHX,-0.16
101248,Marlon Parmer,UNK,UNK,false,72.75,75.5,2.75,,
1627737,Marquese Chriss,PF,PF,false,80.75,84.25,3.5,,
2605,Marquis Daniels,SF,SF,false,77.25,82,4.75,,
12078,Marquis Estill,UNK,UNK,false,80.5,88,7.5,,
203104,Marquis Teague,PG,PG,false,73,79.25,6.25,,
202705,MarShon Brooks,SG,SG,false,76.25,85,8.75,,
101110,Martell Webster,SF,SF,false,78,83,5,,
12180,Martin Iti,UNK,UNK,false,80.5,89,8.5,,
12166,Martin Rancik,UNK,UNK,false,80.75,80,-0.75,,
101149,Martynas Andriuskevicius,C,C,false,85.25,83.25,-2,,
1628963,Marvin Bagley III,PF,PF,true,82.5,84,1.5,WAS,0.03
12099,Marvin Stone,UNK,UNK,false,81.5,87.5,6,,
101107,Marvin Williams,PF,PF,false,79,87.5,8.5,,
1630222,Mason Jones,SG,SG,false,75.75,79,3.25,,
203486,Mason Plumlee,C,C,true,83.25,83,-0.25,CHA,2.15
1641824,Matas Buzelis,PF,PF,true,80.75,82,1.25,CHI,-0.34
1629680,Matisse Thybulle,SG,SG,true,77,83.5,6.5,POR,1.89
2440,Matt Barnes,SF,SF,false,78.75,81,2.25,,
2588,Matt Bonner,C,C,false,80.5,80.75,0.25,,
2679,Matt Carroll,SG,SG,false,77,78.5,1.5,,
1631164,Matteo Spagnolo,UNK,UNK,false,76,80,4,,
2782,Matt Freije,PF,PF,false,80.25,85,4.75,,
12189,Matt Haryasz,UNK,UNK,false,81.75,84.25,2.5,,
1630571,Matthew Mayer,UNK,UNK,false,80,82.5,2.5,,
12147,Matthew Nielsen,UNK,UNK,false,81,82.5,1.5,,
1630562,Matt Hurt,PF,PF,false,80.5,81.5,1,,
12024,Matt Santangelo,UNK,UNK,false,72,75,3,,
200772,Maurice Ager,SG,SG,false,75.25,79.75,4.5,,
2486,Maurice Baker,PG,PG,false,71.75,76,4.25,,
2230,Maurice Evans,SF,SF,false,76.25,80,3.75,,
203090,Maurice Harkless,SF,SF,false,79.25,84,4.75,,
1630546,Max Abmas,UNK,UNK,false,70.5,73.75,3.25,,
1631108,Max Christie,SG,SG,true,76.25,80.75,4.5,DAL,-0.57
1628467,Maxi Kleber,PF,PF,true,81.25,82.75,1.5,LAL,1.2
1642875,Maxime Raynaud,C,C,true,84.25,85.25,1,SAC,0.27
1642917,Max Shulga,UNK,UNK,false,76.25,77.75,1.5,,
1629622,Max Strus,SF,SF,true,77,79.5,2.5,CLE,0.12
1641721,Maxwell Lewis,SF,SF,true,78.25,84,5.75,BKN,-0.29
1630593,McKinley Wright IV,PG,PG,false,71.25,77.25,6,,
1628453,Melo Trimble,UNK,UNK,false,73.25,74,0.75,,
1642351,Melvin Ajinca,UNK,UNK,false,79.25,79.5,0.25,,
203929,Melvin Ejim,UNK,UNK,false,77.25,83.25,6,,
2408,Melvin Ely,C,C,false,81,88,7,,
1628982,Melvin Frazier,SG,SG,false,76.5,85.75,9.25,,
203086,Meyers Leonard,C,C,false,83.75,87,3.25,,
1629662,Mfiondu Kabengele,PF,PF,false,80.75,87,6.25,,
1642877,Micah Peavy,SG,SG,true,78.25,79.25,1,NOP,0.15
1630695,Micah Potter,PF,PF,true,80.75,85,4.25,IND,-0.36
1642369,Michael Ajayi,UNK,UNK,false,77.75,84.75,7,,
201563,Michael Beasley,PF,PF,false,79,84.25,5.25,,
2214,Michael Bradley,PF,PF,false,81.5,85.5,4,,
203487,Michael Carter-Williams,SG,SG,false,76.75,79.25,2.5,,
12406,Michael Dunigan,UNK,UNK,false,80.5,87.25,6.75,,
1630701,Michael Foster Jr.,UNK,UNK,false,79.75,84.25,4.5,,
1626187,Michael Frazier,SG,SG,false,75.75,80,4.25,,
1627771,Michael Gbinije,SG,SG,false,77.5,79.5,2,,
12139,Michael Hermon,UNK,UNK,false,74.75,78.25,3.5,,
12154,Michael Hicks,UNK,UNK,false,76,81.25,5.25,,
12085,Michael Ignerski,UNK,UNK,false,81.5,82.75,1.25,,
203077,Michael Kidd-Gilchrist,PF,PF,false,77.75,84,6.25,,
1629008,Michael Porter Jr.,PF,PF,true,81.5,84.25,2.75,BKN,-0.77
1626180,Michael Qualls,UNK,UNK,false,76,84.25,8.25,,
2072,Michael Redd,SG,SG,false,76.75,81,4.25,,
23033,Michael Southhall,UNK,UNK,false,81.5,88.25,6.75,,
2552,Michael Sweetney,C,C,false,79.25,85,5.75,,
12041,Michael Wright,UNK,UNK,false,79,83.5,4.5,,
12004,Michel Morandais,UNK,UNK,false,75.75,83.5,7.75,,
1628969,Mikal Bridges,SG,SG,true,77.75,85,7.25,NYK,0.01
12105,Mike Bell,UNK,UNK,false,80.75,85.5,4.75,,
201144,Mike Conley,PG,PG,true,71,77.75,6.75,MIN,0.59
2399,Mike Dunleavy,SF,SF,false,80,81,1,,
12160,Mike Mardesich,UNK,UNK,false,82.25,84.5,2.25,,
1641756,Mike Miles Jr.,UNK,UNK,false,72.75,72.5,-0.25,,
203488,Mike Muscala,C,C,false,82.25,85,2.75,,
203118,Mike Scott,PF,PF,false,79.25,82.75,3.5,,
2065,Mike Smith,SF,SF,false,78.5,80.5,2,,
201446,Mike Taylor,PG,PG,false,72.75,79.25,6.5,,
12292,Mike Williams,UNK,UNK,false,77.5,83.5,6,,
12343,Mikhail Torrance,UNK,UNK,false,76,79.5,3.5,,
1628970,Miles Bridges,SF,SF,true,77.25,81.5,4.25,CHA,-0.82
1630540,Miles McBride,PG,PG,true,73,80.75,7.75,NYK,-0.4
203101,Miles Plumlee,C,C,false,82.5,84.75,2.25,,
12113,Mindaugas Katelynas,UNK,UNK,false,79.5,83,3.5,,
12291,Mire Chatman,UNK,UNK,false,72,78,6,,
12005,Misan Nikagbatse,UNK,UNK,false,75.5,82,6.5,,
1629011,Mitchell Robinson,C,C,true,84,88,4,NYK,2.39
1629671,Miye Oni,SG,SG,false,76.25,82.75,6.5,,
1628964,Mo Bamba,C,C,true,83.25,94,10.75,NOP,0.5
12204,Mohamed Abukar,UNK,UNK,false,80,81,1,,
1642885,Mohamed Diawara,PF,PF,true,79.75,87.75,8,NYK,-0.48
1631340,Mojave King,UNK,UNK,false,75.75,80,4.25,,
101145,Monta Ellis,SG,SG,false,74.25,74.75,0.5,,
1628420,Monté Morris,PG,PG,true,73.25,76,2.75,IND,-0.29
1626149,Montrezl Harrell,C,C,false,79,88.25,9.25,,
1629021,Moritz Wagner,PF,PF,true,82,84,2,ORL,-0.12
201165,Morris Almond,SG,SG,false,76.75,82,5.25,,
1629650,Moses Brown,C,C,true,85.25,88.75,3.5,DAL,-0.08
1630541,Moses Moody,SG,SG,true,76.5,84.75,8.25,GSW,0.64
1630589,Moses Wright,PF,PF,false,79.75,84.75,5,,
1631243,Mouhamed Gueye,PF,PF,true,82.25,87.25,5,ATL,1.65
200754,Mouhamed Sene,C,C,false,83,92.5,9.5,,
1630619,Moussa Cisse,PF,PF,true,82.25,88.5,6.25,DAL,0.87
1631217,Moussa Diabate,C,C,true,81.25,86.5,5.25,CHA,0.86
2590,Mo Williams,PG,PG,false,72.75,77.5,4.75,,
12052,Muhammed Lasege,UNK,UNK,false,80.75,86,5.25,,
201203,Mustafa Shakur,PG,PG,false,75,77.5,2.5,,
203509,Myck Kabongo,UNK,UNK,false,73.25,78.25,5,,
1629619,Myles Powell,SG,SG,false,72.5,79,6.5,,
1626167,Myles Turner,C,C,true,81.75,88,6.25,MIL,1.43
1642066,Myron Gardner,SG,SG,true,77.75,82,4.25,MIA,0.41
1641772,Nae'Qwan Tomlin,PF,PF,true,80.25,86.5,6.25,CLE,0.06
1630538,Nah'Shon Hyland,PG,PG,true,74,81.25,7.25,MIN,0.25
1630230,Naji Marshall,SF,SF,true,77.75,84.75,7,DAL,-0.63
1629642,Nassir Little,SF,SF,false,76.5,85.25,8.75,,
12156,Nate James,UNK,UNK,false,76.75,82.75,6,,
12142,Nate Johnson,UNK,UNK,false,78.5,80.5,2,,
101126,Nate Robinson,PG,PG,false,67.75,73,5.25,,
12293,Nate Williams,UNK,UNK,false,80.5,85.5,5,,
203489,Nate Wolters,PG,PG,false,75.5,75.75,0.25,,
1630233,Nathan Knight,C,C,false,80,86,6,,
1629675,Naz Reid,C,C,true,80.25,87.25,7,MIN,0.69
12146,Ndongo N'diaye,UNK,UNK,false,83.5,87.5,4,,
1629674,Neemias Queta,C,C,true,82.75,88.25,5.5,BOS,2.01
12104,Nemanja Aleksandrov,UNK,UNK,false,82,83,1,,
2403,Nene ,C,C,false,81.25,88.5,7.25,,
203457,Nerlens Noel,C,C,false,82,87.75,5.75,,
1642368,N'faly Dante,C,C,true,82,90,8,ATL,0.08
2555,Nick Collison,PF,PF,false,80.75,85.5,4.75,,
1629638,Nickeil Alexander-Walker,SG,SG,true,76.25,81.5,5.25,ATL,-0.71
12186,Nick George,UNK,UNK,false,76,82,6,,
203910,Nick Johnson,SG,SG,false,73.5,79.25,5.75,,
1630208,Nick Richards,C,C,true,82.5,86.25,3.75,PHX,0.38
12026,Nick Sheppard,UNK,UNK,false,81.5,83,1.5,,
1641733,Nick Smith Jr.,SG,SG,true,73.75,81.25,7.5,LAL,-1.51
201156,Nick Young,SG,SG,false,77,84,7,,
201587,Nicolas Batum,PF,PF,true,80.25,85,4.75,LAC,1.05
1629651,Nicolas Claxton,C,C,true,82,86.5,4.5,BKN,0
1628502,Nigel Hayes,PF,PF,true,78.25,87,8.75,PHX,0.73
1628430,Nigel Williams-Goss,PG,PG,false,73.5,79.25,5.75,,
12126,Nik Caner-Medley,UNK,UNK,false,78.5,81,2.5,,
1641743,Nikola Djurisic,UNK,UNK,false,79,80.25,1.25,,
203999,Nikola Jokic,C,C,true,83.5,87,3.5,DEN,1.45
1631107,Nikola Jovic,SF,SF,true,81.5,84.25,2.75,MIA,0.27
1642260,Nikola Topic,UNK,UNK,false,78,80,2,,
202696,Nikola Vucevic,C,C,true,82.25,88.5,6.25,BOS,-0.58
203917,Nik Stauskas,SG,SG,false,77.25,79.75,2.5,,
1642363,Nique Clifford,SG,SG,true,77.25,80,2.75,SAC,-0.17
1642855,Noa Essengue,PF,PF,true,81,83,2,CHI,-0.33
1641730,Noah Clowney,PF,PF,true,81.5,86,4.5,BKN,-0.38
1642869,Noah Penda,SG,SG,true,79.25,83.5,4.25,ORL,0.15
203943,Noah Vonleh,C,C,false,80,88.25,8.25,,
202701,Nolan Smith,PG,PG,false,73.5,77.5,4,,
1642849,Nolan Traore,PG,PG,true,75,80,5,BKN,-0.67
1626181,Norman Powell,SG,SG,true,75,82.75,7.75,MIA,-0.59
2369,Norman Richardson,SG,SG,false,75.5,76.5,1,,
202708,Norris Cole,PG,PG,false,72.25,74.25,2,,
203658,Norvel Pelle,C,C,false,81.5,86.5,5,,
1630167,Obi Toppin,PF,PF,true,80.75,86,5.25,IND,-1.27
1630534,Ochai Agbaji,SG,SG,true,76.5,82,5.5,TOR,0.09
1628384,O.G. Anunoby,SF,SF,true,78.25,86.25,8,NYK,1.57
201564,O.J. Mayo,SG,SG,false,75.25,78,2.75,,
1626152,Olivier Hanlan,UNK,UNK,false,75.25,78,2.75,,
1641765,Olivier-Maxence Prosper,PF,PF,true,78.75,85,6.25,MEM,-0.68
2241,Omar Cook,PG,PG,false,71.5,77.5,6,,
1641760,Omari Moore,UNK,UNK,false,77.25,81.75,4.5,,
1629016,Omari Spellman,C,C,false,80,86,6,,
12010,Omar Quintero,UNK,UNK,false,69.75,71.5,1.75,,
12119,Omar Thomas,UNK,UNK,false,75.25,80,4.75,,
1962937123,Omer Yurtseven,PF,PF,false,82.5,85,2.5,,
1630209,Omer Yurtseven,C,C,false,82.5,85,2.5,,
201956,Omri Casspi,SF,SF,false,79.75,81.25,1.5,,
1630168,Onyeka Okongwu,C,C,true,80.25,86,5.75,ATL,0.59
203111,Orlando Johnson,SG,SG,false,75.75,83.25,7.5,,
1631115,Orlando Robinson,C,C,true,81.75,88,6.25,ORL,-0.74
1631131,Oscar Tshiebwe,C,C,true,79.25,87.5,8.25,UTA,-0.24
1629052,O'Shae Brissett,SF,SF,true,79,84,5,PHI,0.5
1642345,Oso Ighodaro,C,C,true,81.5,83,1.5,PHX,2.23
201629,Othello Hunter,SF,SF,false,78.5,87,8.5,,
203490,Otto Porter,SF,SF,false,79.5,85.5,6,,
1631172,Ousmane Dieng,SF,SF,true,81.5,84,2.5,MIL,-0.25
1642359,Pacome Dadiet,SF,SF,true,79.5,81,1.5,NYK,-0.63
1631094,Paolo Banchero,PF,PF,true,81.25,84.5,3.25,ORL,-0.71
2776,Pape Sow,C,C,false,80.5,86,5.5,,
1627783,Pascal Siakam,PF,PF,true,80.25,87.25,7,IND,0.01
12244,Pat Calathes,UNK,UNK,false,80.75,81.75,1,,
1626192,Pat Connaughton,SG,SG,true,76,80,4,CHA,-0.1
1631116,Patrick Baldwin Jr.,SF,SF,true,81.25,85.75,4.5,LAC,0.01
201607,Patrick Ewing Jr.,SF,SF,false,78,84.25,6.25,,
1627775,Patrick McCaw,SF,SF,false,77.25,82,4.75,,
200753,Patrick O'Bryant,C,C,false,83,89.75,6.75,,
202335,Patrick Patterson,PF,PF,false,80,85.25,5.25,,
1630172,Patrick Williams,SF,SF,true,79,83,4,CHI,-0.79
203942,Patric Young,C,C,false,80.5,85.75,5.25,,
1630311,Pat Spencer,PG,PG,true,73.75,79,5.25,GSW,0.08
201988,Patty Mills,PG,PG,true,71.25,74,2.75,LAC,-0.78
1630220,Paul Eboua,UNK,UNK,false,78,87.5,9.5,,
202331,Paul George,SF,SF,true,79.75,83.25,3.5,PHI,1.49
200859,Paul Miller,UNK,UNK,false,80.5,84,3.5,,
200794,Paul Millsap,C,C,false,78.25,85.5,7.25,,
1630194,Paul Reed,PF,PF,true,80.5,86,5.5,DET,2.62
2750,Pavel Podkolzin,C,C,false,87.5,89.75,2.25,,
1630202,Payton Pritchard,PG,PG,true,73,76,3,BOS,-1.13
1642362,Payton Sandfort,PF,PF,false,78.25,80,1.75,,
1641796,Pelle Larsson,SG,SG,true,77.25,79.5,2.25,MIA,-0.01
12023,Pepe Sanchez,UNK,UNK,false,75,75.5,0.5,,
1627768,Perry Ellis,UNK,UNK,false,79,82.25,3.25,,
203103,Perry Jones III,SF,SF,false,82.25,85.75,3.5,,
2087,Pete Mickeal,UNK,UNK,false,77,81.5,4.5,,
1631250,Pete Nance,PF,PF,true,82,84.5,2.5,MIL,0.16
12047,Peter Fehse,UNK,UNK,false,82,84.5,2.5,,
1628514,Peter Jok,UNK,UNK,false,76.25,80,3.75,,
2762,Peter Ramos,C,C,false,85.75,89.5,3.75,,
203491,Peyton Siva,SG,SG,false,71.5,75,3.5,,
1631212,Peyton Watson,SG,SG,true,78.75,84.5,5.75,DEN,-0.21
203515,Phil Pressey,PG,PG,false,69.5,74.25,4.75,,
203510,Pierre Jackson,PG,PG,false,69.5,70,0.5,,
1628408,PJ Dozier,SF,SF,false,77.25,83,5.75,,
203798,P.J. Hairston,SF,SF,false,76.25,81,4.75,,
1641790,PJ Hall,C,C,true,80.25,85.5,5.25,MEM,-0.22
1629023,PJ Washington,PF,PF,true,78.5,86.5,8,DAL,0.59
200822,Pops Mensah-Bonsu,PF,PF,false,79.5,84,4.5,,
1630173,Precious Achiuwa,"C,PF","C,PF",true,79.5,84.75,5.25,SAC,0.7
2453,Predrag Savovic,SG,SG,false,76.75,79,2.25,,
12065,Preston Shumpert,UNK,UNK,false,78,80.5,2.5,,
2056,Primoz Brezec,C,C,false,84.75,86,1.25,,
12266,Quan Prowell,UNK,UNK,false,78.75,82.5,3.75,,
1629656,Quentin Grimes,SG,SG,true,76,79.75,3.75,PHI,-0.38
1631245,Quenton Jackson,PG,PG,true,75.25,77.5,2.25,IND,0.14
203112,Quincy Acy,PF,PF,false,78.5,86.75,8.25,,
203113,Quincy Miller,PF,PF,false,80.75,85.25,4.5,,
1626188,Quinn Cook,PG,PG,false,72.25,76,3.75,,
1629683,Quinndary Weatherspoon,SG,SG,false,75,81,6,,
1642366,Quinten Post,C,C,true,84,86.5,2.5,GSW,-0.14
12215,Quinton Hosley,UNK,UNK,false,77,83.25,6.25,,
2417,Qyntel Woods,SF,SF,false,79,82,3,,
1630564,Raiquan Gray,SF,SF,false,78.5,82.75,4.25,,
1626176,Rakeem Christmas,PF,PF,false,80.25,89.25,9,,
12239,Ramel Bradley,UNK,UNK,false,73.25,77,3.75,,
201196,Ramon Sessions,PG,PG,false,74,76.25,2.25,,
12006,Randall Orr,UNK,UNK,false,81,82.5,1.5,,
200751,Randy Foye,SG,SG,false,74.25,78.25,4,,
2450,Randy Holcomb,SF,SF,false,79,85,6,,
202151,Rashad Anderson,UNK,UNK,false,75.25,79,3.75,,
12220,Rashad Jones-Jennings,UNK,UNK,false,78,84,6,,
101119,Rashad McCants,SG,SG,false,74.75,82.75,8,,
12164,Rashad Phillips,UNK,UNK,false,69,73.5,4.5,,
1626173,Rashad Vaughn,SG,SG,false,75.75,79,3.25,,
12294,Rashad Wright,UNK,UNK,false,72.5,82,9.5,,
12211,Rashaun Freeman,UNK,UNK,false,78,83.5,5.5,,
1642853,Rasheer Fleming,PF,PF,true,80.25,89.25,9,PHX,-0.58
2446,Rasual Butler,SF,SF,false,78.75,84,5.25,,
1628959,Rawle Alkins,SG,SG,false,74.5,80.75,6.25,,
101185,Rawle Marshall,SG,SG,false,76.5,85,8.5,,
1641712,Rayan Rupert,SG,SG,true,78,86,8,POR,0.06
203492,Ray McCallum,PG,PG,false,72.25,75.25,3,,
101109,Raymond Felton,PG,PG,false,71.5,76.25,4.75,,
1629034,Raymond Spalding,PF,PF,false,81,88.75,7.75,,
1641736,Reece Beekman,PG,PG,true,73.5,79,5.5,BKN,0.33
12148,Reed Rawlings,UNK,UNK,false,78.25,81.25,3,,
1642263,Reed Sheppard,PG,PG,true,73.75,75.25,1.5,HOU,0.36
203493,Reggie Bullock,SF,SF,false,77.75,80.75,3,,
2501,Reggie Evans,PF,PF,false,79.5,86.5,7,,
1629617,Reggie Perry,PF,PF,false,80,84.5,4.5,,
199,Reggie Williams,UNK,UNK,false,75.25,81.25,6,,
202130,Reggie Williams,SF,SF,false,75.25,81.25,6,,
12229,Renaldas Seibutis,UNK,UNK,false,76,80.75,4.75,,
200764,Renaldo Balkman,SF,SF,false,77.25,85,7.75,,
12232,Reyshawn Terry,UNK,UNK,false,78.75,82,3.25,,
201613,Richard Hendrix,PF,PF,false,78.75,87,8.25,,
203494,Richard Howell,UNK,UNK,false,78.25,82.25,4,,
2210,Richard Jefferson,SF,SF,false,79.25,84,4.75,,
12270,Richard Roby,UNK,UNK,false,76.25,81.75,5.5,,
1626158,Richaun Holmes,C,C,true,80.25,85.5,5.25,WAS,1.26
2822,Rich Melzer,UNK,UNK,false,79.5,86,6.5,,
12072,Rick Anderson,UNK,UNK,false,80.25,83,2.75,,
12008,Rickey Paulding,UNK,UNK,false,74.75,81.5,6.75,,
12417,Rick Jackson,UNK,UNK,false,80.25,86,5.75,,
1641741,Ricky Council IV,SF,SF,true,77,81,4,PHI,-0.97
203495,Ricky Ledo,SG,SG,false,76.75,79.25,2.5,,
2777,Ricky Minard,UNK,UNK,false,75.25,79,3.75,,
1629628,R.J. Barrett,SG,SG,true,78.25,82,3.75,TOR,-0.74
1626154,R.J. Hunter,SG,SG,false,76.5,82.5,6,,
12038,Robb Dryden,UNK,UNK,false,85,86.5,1.5,,
203133,Robbie John Hummel,SF,SF,false,79.25,80.5,1.25,,
1642265,Rob Dillingham,PG,PG,true,73,75,2,CHI,-0.89
2425,Robert Archibald,"C,PF","C,PF",false,82,83.75,1.75,,
203496,Robert Covington,SF-PF,SF,false,78.25,85.75,7.5,,
12086,Robert Jackson,UNK,UNK,false,79.75,84,4.25,,
1626193,Robert Upshaw,UNK,UNK,false,82.75,89.5,6.75,,
201987,Robert Vaden,SG,SG,false,75.5,80,4.5,,
12273,Robert Vaden,SG,SG,false,75.5,80,4.5,,
101156,Robert Whaley,C,C,false,80,86,6,,
1629057,Robert Williams,C,C,true,80,89.5,9.5,POR,1.88
1630218,Robert Woodard,SF,SF,false,77.5,86,8.5,,
1642911,Rocco Zikarsky,UNK,UNK,false,87,88.75,1.75,,
12067,Rod Grizzard,UNK,UNK,false,78,84,6,,
200760,Rodney Carney,SF,SF,false,76.5,82,5.5,,
203918,Rodney Hood,PF-SF,PF,false,79.25,80.5,1.25,,
201155,Rodney Stuckey,PG,PG,false,75.75,79.25,3.5,,
2206,Rodney White,SF,SF,false,79.5,83.5,4,,
201958,Rodrigue Beaubois,PG,PG,false,73.25,81.75,8.5,,
101232,Roger Powell,SF,SF,false,76.75,83.5,6.75,,
1630576,Roko Prkacin,UNK,UNK,false,79.5,83,3.5,,
12179,Rolando Howell,UNK,UNK,false,79.5,84.5,5,,
12061,Rolan Roberts,UNK,UNK,false,77.75,85,7.25,,
2781,Romain Sato,UNK,UNK,false,74,83,9,,
1629641,Romeo Langford,SG,SG,false,76.5,83,6.5,,
2648,Ronald Dupree,SF,SF,false,78,80.25,2.25,,
1641842,Ronald Holland II,PF,PF,true,78.5,82.75,4.25,DET,1.58
2436,Ronald Murray,SG,SG,false,75,79.5,4.5,,
12271,Ronald Steele,UNK,UNK,false,72.25,76.25,4,,
1627758,Ron Baker,SG,SG,false,75.25,81.75,6.5,,
1626178,Rondae Hollis-Jefferson,PF,PF,false,77.5,86,8.5,,
2110,Ron Hale,UNK,UNK,false,79.5,83,3.5,,
1631199,Ron Harper Jr.,PF,PF,true,76,85.25,9.25,BOS,-0.4
12223,Ron Lewis,UNK,UNK,false,74,78.5,4.5,,
200758,Ronnie Brewer,SF,SF,false,77.75,83.25,5.5,,
101179,Ronnie Price,PG,PG,false,72.75,77.5,4.75,,
101142,Ronny Turiaf,C,C,false,80,85.5,5.5,,
12098,Ron Slay,UNK,UNK,false,78,82,4,,
1626220,Royce O'Neale,PF,PF,true,76,81,5,PHX,0.11
203091,Royce White,PF,PF,false,79,84,5,,
2257,Ruben Boumtje-Boumtje,C,C,false,83.5,88,4.5,,
12076,Ruben Douglas,UNK,UNK,false,75.5,79.25,3.75,,
201164,Rudy Fernandez,SG,SG,false,76.75,79.5,2.75,,
200752,Rudy Gay,PF,PF,false,79,87,8,,
203497,Rudy Gobert,C,C,true,84.5,92.5,8,MIN,4
1629060,Rui Hachimura,SF,SF,true,79.75,86,6.25,LAL,-0.57
201469,Russell Carter,UNK,UNK,false,75,80.5,5.5,,
201781,Russell Robinson,UNK,UNK,false,72.5,80,7.5,,
201566,Russell Westbrook,SG,SG,true,74.25,79.75,5.5,SAC,-1.87
203893,Russ Smith,PG,PG,false,71.5,75.5,4,,
1626207,Ryan Boatright,UNK,UNK,false,70,72.5,2.5,,
12032,Ryan Carroll,UNK,UNK,false,76,80.25,4.25,,
1642346,Ryan Dunn,PF,PF,true,78.25,85.5,7.25,PHX,0.69
101155,Ryan Gomes,SF,SF,false,78.5,86,7.5,,
2415,Ryan Humphrey,SF,SF,false,78,84,6,,
1641750,Ryan Kalkbrenner,C,C,true,84.75,89,4.25,CHA,0.6
203527,Ryan Kelly,PF,PF,false,81.75,83.5,1.75,,
1642948,Ryan Nembhard,PG,PG,true,71,74.25,3.25,DAL,-1.3
12338,Ryan Richards,UNK,UNK,false,82.5,85.5,3,,
1631157,Ryan Rollins,PG,PG,true,74,81.75,7.75,MIL,0.07
12208,Ryvon Covile,UNK,UNK,false,79,85.25,6.25,,
1630180,Saddiq Bey,SF,SF,true,79,83,4,NOP,-1.17
1628996,Sagaba Konate,UNK,UNK,false,78.5,84,5.5,,
2439,Sam Clancy,UNK,UNK,false,78.25,86.75,8.5,,
1626155,Sam Dekker,PF,PF,false,79.75,83.5,3.75,,
1630573,Sam Hauser,SG,SG,true,78.75,81.25,2.5,BOS,-0.45
12083,Sam Hoskin,UNK,UNK,false,79.25,82.75,3.5,,
1630241,Sam Merrill,SG,SG,true,75.5,77,1.5,CLE,-0.22
201197,Sammy Mejia,UNK,UNK,false,77,83,6,,
201970,Sam Young,SG,SG,false,77.25,82.75,5.5,,
1630572,Sandro Mamukelashvili,PF,PF,true,81,85.25,4.25,TOR,0.83
12084,Sani Ibrahim,UNK,UNK,false,80.5,85,4.5,,
1630583,Santi Aldama,PF,PF,true,82.75,83,0.25,MEM,-0.38
12253,Sasha Kaun,UNK,UNK,false,81,88,7,,
2756,Sasha Vujacic,SG,SG,false,77.5,77.5,0,,
12134,Schea Cotton,UNK,UNK,false,76.25,79,2.75,,
1630703,Scoot Henderson,PG,PG,true,74,81,7,POR,-0.68
1630567,Scottie Barnes,SF,SF,true,79,86.75,7.75,TOR,1.47
1630575,Scottie Lewis,SG,SG,false,76,84,8,,
203159,Scott Machado,PG,PG,false,73,76,3,,
12415,Scotty Hopson,SG,SG,false,77.75,82.5,4.75,,
203816,Scotty Hopson,SG,SG,false,77.75,82.5,4.75,,
1630590,Scotty Pippen Jr,PG,PG,true,72,77.75,5.75,MEM,0.41
101252,Sean Banks,UNK,UNK,false,77.75,85,7.25,,
12130,Sean Dockery,UNK,UNK,false,72.75,76.5,3.75,,
12050,Sean Kennedy,UNK,UNK,false,72.75,74.5,1.75,,
203930,Sean Kilpatrick,SG,SG,false,74.5,79,4.5,,
2253,Sean Lampley,SF,SF,false,77.5,81.25,3.75,,
101118,Sean May,C,C,false,79,85.25,6.25,,
201606,Sean Singletary,PG,PG,false,71,76.5,5.5,,
203902,Semaj Christon,PG,PG,false,73.5,78.5,5,,
1628400,Semi Ojeleye,PF,PF,false,77.25,81.75,4.5,,
2778,Sergei Lishouk,UNK,UNK,false,82.25,84,1.75,,
203552,Seth Curry,SG,SG,true,73,76,3,GSW,-0.55
1641754,Seth Lundy,SF,SF,false,76,82.25,6.25,,
203498,Shabazz Muhammad,SF-SG,SF,false,76.75,83,6.25,,
203894,Shabazz Napier,PG,PG,false,71,75.25,4.25,,
1631101,Shaedon Sharpe,SG,SG,true,76.25,83.5,7.25,POR,-1
12140,Shaheen Holloway,UNK,UNK,false,69.5,70,0.5,,
1628983,Shai Gilgeous-Alexander,PG,PG,true,76.5,83.5,7,OKC,0.51
1629003,Shake Milton,SG,SG,true,76.5,84.75,8.25,LAL,-0.89
1629044,Shamorie Ponds,PG,PG,false,71.5,75.5,4,,
2203,Shane Battier,SF,SF,false,80.25,82.5,2.25,,
203499,Shane Larkin,PG,PG,false,70.25,70.75,0.5,,
12250,Shan Foster,UNK,UNK,false,76,83.5,7.5,,
1630536,Sharife Cooper,PG,PG,true,71.75,74,2.25,WAS,-0.85
101213,Sharrod Ford,PF,PF,false,79.25,85.5,6.25,,
2733,Shaun Livingston,PG,PG,false,78.25,83,4.75,,
12267,Shaun Pruitt,UNK,UNK,false,80.25,85,4.75,,
200761,Shawne Williams,SF,SF,false,79.25,87,7.75,,
12256,Shawn James,UNK,UNK,false,79.75,89,9.25,,
200749,Shelden Williams,C,C,false,79.5,88.25,8.75,,
202714,Shelvin Mack,PG,PG,false,73,79.5,6.5,,
202395,Sherron Collins,PG,PG,false,70.25,74.5,4.25,,
1631321,Sidy Cissoko,SG,SG,true,77.5,81.75,4.25,POR,0.79
1629679,Simisola Shittu,UNK,UNK,false,80.5,85.25,4.75,,
1631323,Simone Fontecchio,SF,SF,true,77.75,83,5.25,MIA,0.01
1628414,Sindarius Thornwell,SG,SG,false,75.5,82,6.5,,
1642883,Sion James,SG,SG,true,76.5,78.5,2,CHA,0.04
12031,SirValiant Brown,UNK,UNK,false,71,76,5,,
1627746,Skal Labissiere,C,C,true,82.5,86.5,4,WAS,0.44
1630219,Skylar Mays,PG-SG,PG,false,75,78,3,,
2470,Smush Parker,PG,PG,false,74.5,82,7.5,,
202374,Solomon Alabi,C,C,false,83.5,89,5.5,,
203524,Solomon Hill,SF,SF,false,77.5,81,3.5,,
200780,Solomon Jones,PF,PF,false,80.5,88.75,8.25,,
201603,Sonny Weems,SG-SF,SG,false,76,82,6,,
12295,Souleymane Camara,UNK,UNK,false,81.75,86.25,4.5,,
12172,Souleymane Wane,UNK,UNK,false,80.5,89,8.5,,
2049,Speedy Claxton,PG,PG,false,70.5,72,1.5,,
203915,Spencer Dinwiddie,SG,SG,true,76.5,80.25,3.75,DAL,-1.04
201150,Spencer Hawes,PF,PF,false,82,84.5,2.5,,
1642461,Spencer Jones,SF,SF,true,77.75,83,5.25,DEN,0.57
201868,Stanley Burrell,UNK,UNK,false,73.5,78.25,4.75,,
1626169,Stanley Johnson,SF,SF,false,77,83.5,6.5,,
202383,Stanley Robinson,UNK,UNK,false,78.5,84,5.5,,
201186,Stephane Lasme,"PF,SF","PF,SF",false,77,86,9,,
12095,Stephane Pelle,UNK,UNK,false,79,86,7,,
201939,Stephen Curry,PG,PG,true,74,75.5,1.5,GSW,-1.42
1627757,Stephen Zimmerman Jr.,C,C,false,82.25,87.25,5,,
1642264,Stephon Castle,PG,PG,true,77.5,81,3.5,SAS,-0.68
12053,Steve Logan,UNK,UNK,false,70,71.75,1.75,,
203500,Steven Adams,C,C,true,82.75,88.5,5.75,HOU,3.31
2212,Steven Hunter,C,C,false,82.25,88,5.75,,
200779,Steve Novak,PF,PF,false,80,81.5,1.5,,
200848,Steven Smith,PF,PF,false,79.5,84.5,5,,
1629004,Svi Mykhailiuk,SG,SG,true,78.75,77.5,-1.25,UTA,-1.2
12330,Sylven Landesberg,UNK,UNK,false,76.75,81,4.25,,
12289,Sylvere Bryan,UNK,UNK,false,81,88.5,7.5,,
1629605,Tacko Fall,C,C,false,89.25,98.25,9,,
201959,Taj Gibson,C,C,true,80.5,88,7.5,CHA,0.65
12187,Taj Gray,UNK,UNK,false,79.25,84.75,5.5,,
12241,Takais Brown,UNK,UNK,false,79.25,82,2.75,,
1629659,Talen Horton-Tucker,SF,SF,true,74.5,85.25,10.75,CHI,-0.42
1642926,Tamar Bates,UNK,UNK,false,75.75,82.25,6.5,,
2447,Tamar Slay,SG,SG,false,78.75,83.5,4.75,,
12128,Taquan Dean,UNK,UNK,false,74,78.75,4.75,,
200814,Tarence Kinsey,SG,SG,false,76.75,78.75,2,,
1631106,Tari Eason,PF,PF,true,78.75,86,7.25,HOU,1.42
12037,Tate Decker,UNK,UNK,false,81.25,83.75,2.5,,
201192,Taurean Green,"PG,SG","PG,SG",false,71,74.25,3.25,,
1627752,Taurean Prince,SG,SG,true,78.5,83.5,5,MIL,-0.01
12107,Taylor Coppenrath,UNK,UNK,false,79.75,83.5,3.75,,
1641707,Taylor Hendricks,PF,PF,true,80.25,84.5,4.25,UTA,-1.13
12045,Teddy Dupay,UNK,UNK,false,69.5,70.75,1.25,,
12191,Tedric Hill,UNK,UNK,false,79.75,85,5.25,,
1629630,Temetrius Morant,PG,PG,true,75,79,4,MEM,-0.66
1629611,Terance Mann,SG,SG,true,76.75,79.75,3,BKN,-0.75
1629056,Terence Davis,SG,SG,false,75,80.75,5.75,,
12129,Terence Dials,UNK,UNK,false,79.75,84,4.25,,
1631173,Terquavion Smith,PG,PG,false,74.25,78.5,4.25,,
1628390,Terrance Ferguson,SF,SF,false,77.5,80.75,3.25,,
2121,Terrance Roberson,SF,SF,false,77.5,80,2.5,,
1626189,Terran Petteway,UNK,UNK,false,76.75,83.25,6.5,,
203093,Terrence Jones,PF,PF,false,80.25,86.25,6,,
203082,Terrence Ross,SG,SG,false,78,79.25,1.25,,
1630545,"Terrence Shannon, Jr.",SG,SG,true,77.5,80.25,2.75,MIN,-1.14
201944,Terrence Williams,SF,SF,false,77,81,4,,
202358,Terrico White,SG,SG,false,75.75,81,5.25,,
1626179,Terry Rozier,PG,PG,true,72.5,80.25,7.75,MIA,-0.81
201152,Thaddeus Young,PF,PF,false,77.75,83.5,5.75,,
203648,Thanasis Antetokounmpo,C,C,true,77.25,84,6.75,MIL,1.3
1630177,Theo Maledon,PG,PG,false,76,80.75,4.75,,
1629033,Theo Pinson,SG,SG,false,77,82.75,5.75,,
2604,Theron Smith,SF,SF,false,78.5,82.25,3.75,,
1628418,Thomas Bryant,C,C,true,81.5,90,8.5,CLE,-0.13
203080,Thomas Robinson,PF,PF,false,79.75,87.25,7.5,,
1642850,Thomas Sorber,PF,PF,false,81.25,90,8.75,,
1629118,Thomas Welsh,C,C,false,83.5,84,0.5,,
1627748,Thon Maker,C,C,false,83.75,87,3.25,,
12014,Tiago Splitter,UNK,UNK,false,82.25,86,3.75,,
1642275,Tidjane Salaun,PF,PF,true,81,84.75,3.75,CHA,-0.26
12174,Tim Bowers,UNK,UNK,false,72.5,81,8.5,,
203501,Tim Hardaway Jr,SG,SG,true,76.5,79,2.5,DEN,-1.4
896,Tim Hardaway Jr.,PG,PG,false,76.5,79,2.5,,
2773,Tim Pickett,UNK,UNK,false,75,79.5,4.5,,
2432,Tito Maddox,SG,SG,false,75,77,2,,
200555,TJ Cummings,UNK,UNK,false,79.5,81.5,2,,
2551,T.J. Ford,PG,PG,false,71,71.5,0.5,,
1628388,TJ Leaf,PF,PF,false,80.75,83,2.25,,
204456,T.J. McConnell,PG,PG,true,72.5,74,1.5,IND,-0.42
203933,T.J. Warren,SF,SF,false,79,82.25,3.25,,
202699,Tobias Harris,PF,PF,true,78.5,83,4.5,DET,0.18
203107,Tomas Satoransky,SG-PG-SF,SG,false,78.5,79.25,0.75,,
2596,Tommy Smith,UNK,UNK,false,81,86.5,5.5,,
12016,Tom Timmerrmans,UNK,UNK,false,82.5,83,0.5,,
201962,Toney Douglas,PG,PG,false,73,78,5,,
2754,Tony Allen,SF,SF,false,75.5,81,5.5,,
2800,Tony Bobbitt,SG,SG,false,74.75,79,4.25,,
1628396,Tony Bradley,C,C,true,81.25,89,7.75,IND,0.44
1628974,Tony Carr,UNK,UNK,false,75,80.25,5.25,,
203183,Tony Mitchell,SF,SF,false,77.25,82,4.75,,
203502,Tony Mitchell,PF,PF,false,77.25,82,4.75,,
203503,Tony Snell,SG,SG,false,78,83.5,5.5,,
203100,Tony Wroten,PG,PG,false,76.75,81,4.25,,
12185,Torin Francis,UNK,UNK,false,81,85,4,,
12171,Tory Walker,UNK,UNK,false,78.75,83.25,4.5,,
1641739,Toumani Camara,SF,SF,true,79,84.5,5.5,POR,0.44
1629027,Trae Young,PG,PG,true,72.5,75,2.5,ATL,-2.41
101143,Travis Diener,PG,PG,false,71.75,71.75,0,,
2580,Travis Hansen,SF,SF,false,76.5,78.5,2,,
202727,Travis Leslie,SG,SG,false,75,82.5,7.5,,
12062,Travis Robinson,UNK,UNK,false,77.25,82.5,5.25,,
1631218,Trayce Jackson-Davis,C,C,true,80.25,85,4.75,GSW,-0.06
1642848,Tre Johnson,SG,SG,true,76.75,82.25,5.5,WAS,-1.71
1630200,Tre Jones,PG,PG,true,73,76,3,CHI,-0.61
1630544,Tre Mann,PG,PG,true,75.25,76,0.75,CHA,-0.96
1629682,Tremont Waters,PG,PG,false,69.5,74.25,4.75,,
1630570,Trendon Watford,PF,PF,true,79.5,86.25,6.75,PHI,-0.08
1630235,Trent Forrest,SG,SG,false,75.5,79.5,4,,
2239,Trenton Hassell,SF,SF,false,76.25,80,3.75,,
12265,Trent Plaisted,UNK,UNK,false,81.25,82.5,1.25,,
1642280,Trentyn Flowers,PF,PF,true,78.5,80.25,1.75,CHI,0.11
12120,Tre Simmons,UNK,UNK,false,76,79.5,3.5,,
1626203,Treveon Graham,SF,SF,false,76,82.5,6.5,,
1630652,Trevion Williams,UNK,UNK,false,79.25,86.75,7.5,,
1642350,Trevon Brazile,UNK,UNK,false,81.25,87.75,6.5,,
1628979,Trevon Duval,PG,PG,false,73.5,80.25,6.75,,
2772,Trevor Ariza,SF,SF,false,79,86,7,,
202344,Trevor Booker,PF,PF,false,78.25,81.75,3.5,,
12081,Trevor Harvey,UNK,UNK,false,81.5,85,3.5,,
1631211,Trevor Keels,SG,SG,false,75.25,79.25,4,,
203522,Trevor Mbakwe,UNK,UNK,false,78.75,88,9.25,,
1641725,Trey Alexander,SG,SG,true,75.25,82,6.75,NOP,-0.31
203504,Trey Burke,PG,PG,false,71.75,77.5,5.75,,
201234,Trey Johnson,SG,SG,false,75,77,2,,
1626168,Trey Lyles,PF,PF,true,81,85.5,4.5,SAC,-0.21
1630530,Trey Murphy III,SF,SF,true,79.5,84,4.5,NOP,-1.27
202717,Trey Thompkins,C,C,false,80.5,85,4.5,,
1641783,Tristan da Silva,SF,SF,true,80.25,82.25,2,ORL,-0.4
202684,Tristan Thompson,PF,PF,true,79.5,85.25,5.75,CLE,0.46
1641774,Tristan Vukcevic,PF,PF,true,83.25,86.5,3.25,WAS,0.01
1641803,Tristen Newton,SG,SG,false,75.25,78.75,3.5,,
2559,Troy Bell,PG,PG,false,72.25,77,4.75,,
1628972,Troy Brown,SF,SF,false,77.75,82.25,4.5,,
2211,Troy Murphy,PF,PF,false,81.75,83,1.25,,
12162,Troy Ostler,UNK,UNK,false,80.75,85.5,4.75,,
1627786,Troy Williams,SF,SF,false,77.75,80.25,2.5,,
203189,Tu Holloway,UNK,UNK,false,70.5,77.5,7,,
1629660,Ty Jerome,PG,PG,true,76.25,76,-0.25,MEM,-0.2
201951,Ty Lawson,PG,PG,false,71.25,72.75,1.5,,
1630189,Tyler Bey,SF,SF,false,78,85.25,7.25,,
1629076,Tyler Cook,PF,PF,false,79.25,84.5,5.25,,
1628416,Tyler Dorsey,SG,SG,false,75,77.25,2.25,,
203898,Tyler Ennis,PG,PG,false,73,79.25,6.25,,
201946,Tyler Hansbrough,PF,PF,false,80.25,83.5,3.25,,
1626227,Tyler Harvey,UNK,UNK,false,74.75,77.5,2.75,,
1629639,Tyler Herro,SG,SG,true,76.5,75.25,-1.25,MIA,-0.62
202715,Tyler Honeycutt,SF,SF,false,78.75,81,2.25,,
1642278,Tyler Kolek,PG,PG,true,73.25,74.75,1.5,NYK,-0.33
1628399,Tyler Lydon,PF,PF,false,80.25,84,3.75,,
12284,Tyler Smith,UNK,UNK,false,77.25,81.75,4.5,,
1641890,Tyler Smith,C,C,true,81,85,4,MIL,-0.23
1627755,Tyler Ulis,PG,PG,false,68.75,74,5.25,,
203092,Tyler Zeller,C,C,false,83.25,84,0.75,,
1642360,Tyon Grant-Foster,UNK,UNK,false,77.75,83.75,6,,
201936,Tyreke Evans,SG,SG,false,76,83.25,7.25,,
1630179,Tyrell Terry,SG,SG,false,73.5,73.75,0.25,,
1630169,Tyrese Haliburton,PG,PG,true,76.75,79.75,3,IND,0.14
1631213,Tyrese Martin,SG,SG,true,77.25,82.5,5.25,BKN,-0.67
1630178,Tyrese Maxey,PG,PG,true,74,79,5,PHI,-0.72
1642878,Tyrese Proctor,SG,SG,true,76.25,79.25,3,CLE,-1.05
12240,Tyrone Brazelton,UNK,UNK,false,70,73.75,3.75,,
200748,Tyrus Thomas,PF,PF,false,79.25,87,7.75,,
203116,Tyshawn  Taylor,PG,PG,false,74.75,78.25,3.5,,
1630234,Ty-Shon Alexander,SG,SG,false,74,80,6,,
2199,Tyson Chandler,C,C,false,83.5,87,3.5,,
1631102,Tyty Washington Jr.,PG,PG,true,74.25,80,5.75,LAC,0.26
1628967,Tyus Battle,UNK,UNK,false,77,81,4,,
1626145,Tyus Jones,PG,PG,true,72.5,77,4.5,DAL,-0.75
12093,Uche Nsonwu-Amadi,UNK,UNK,false,79.75,87.75,8,,
12059,Uche Okafor,UNK,UNK,false,81,89.5,8.5,,
1628962,Udoka Azubuike,C,C,false,82,91,9,,
2617,Udonis Haslem,C,C,false,79.75,83,3.25,,
12094,Ugonna Okyekwe,UNK,UNK,false,79.25,87,7.75,,
1642279,Ulrich Chomche,UNK,UNK,false,82.25,88,5.75,,
203505,Vander Blue,SG,SG,false,75.5,78,2.5,,
12018,Vassil Evtimov,UNK,UNK,false,81.75,82.5,0.75,,
203506,Victor Oladipo,SG,SG,false,75.25,81.25,6,,
1641705,Victor Wembanyama,PF,PF,true,88,96,8,SAS,2.76
12192,Viktor Keyru,UNK,UNK,false,77.25,81.25,4,,
1626205,Vince Hunter,UNK,UNK,false,78.75,83,4.25,,
2428,Vincent Yarbrough,SG,SG,false,77.5,84.5,7,,
1631246,Vince Williams,SG,SG,true,76,83,7,UTA,-0.02
1630249,Vít Krejčí,SG,SG,true,78.75,84,5.25,POR,-0.12
1628431,V.J. Beachem,UNK,UNK,false,78.25,82.25,4,,
1642845,V.J. Edgecombe,SG,SG,true,76,79.5,3.5,PHI,-0.29
12252,Vladimir Golubovic,UNK,UNK,false,83.25,86.5,3.25,,
1642884,Vladislav Goldin,C,C,false,84,89.25,5.25,,
1627735,Wade Baldwin IV,PG,PG,false,74.5,83.25,8.75,,
1631117,Walker Kessler,C,C,true,84.25,88.25,4,UTA,1.1
1642383,Walter Clayton Jr.,PG,PG,true,74,76,2,UTA,-0.61
201961,Wayne Ellington,SG,SG,false,76.25,78.5,2.25,,
1627782,Wayne Selden Jr.,SG,SG,false,76.25,82.5,6.25,,
101134,Wayne Simien,PF,PF,false,79.25,84,4.75,,
12101,Wayne Wallace,UNK,UNK,false,79.25,86,6.75,,
1628976,Wendell Carter Jr.,C,C,true,80.75,88.5,7.75,ORL,1.19
1631111,Wendell Moore Jr.,SF,SF,true,76.25,84.5,8.25,DET,0.23
1628411,Wesley Iwundu,SF,SF,false,77.5,85,7.5,,
202325,Wesley Johnson,SF,SF,false,78.25,85,6.75,,
12102,Wesley Wilson,UNK,UNK,false,82.25,87,4.75,,
203115,Will Barton,SG,SG,false,77,81.75,4.75,,
200807,Will Blalock,PG,PG,false,71.25,78,6.75,,
101198,Will Bynum,SG,SG,false,70.5,75.5,5,,
12524,Will Clyburn,UNK,UNK,false,77.75,84.25,6.5,,
101215,Will Conroy,PG,PG,false,73,75,2,,
203733,William Buford,UNK,UNK,false,76,81.5,5.5,,
1626161,Willie Cauley-Stein,C,C,false,83.25,87,3.75,,
2584,Willie Green,SG,SG,false,74.5,79.25,4.75,,
202378,Willie Warren,PG,PG,false,74.5,78,3.5,,
12091,Will McDonald,UNK,UNK,false,81.5,87.5,6,,
1642954,Will Richard,SG,SG,true,75.25,81.75,6.5,GSW,0.33
1642860,Will Riley,SF,SF,true,80.25,80.75,0.5,WAS,-1.09
2226,Will Solomon,PG,PG,false,71.75,81.5,9.75,,
202333,Xavier Henry,SF,SF,false,77.25,83.25,6,,
203904,Xavier Thames,UNK,UNK,false,74.25,76,1.75,,
1630214,Xavier Tillman,PF,PF,true,79.5,86,6.5,BOS,0.97
1642905,Yang Hansen,C,C,true,85,86.75,1.75,POR,-0.27
1642949,Yanic Konan Niederahuser,PF,PF,true,83.25,87.25,4,LAC,0.33
1628999,Yante Maten,PF,PF,false,79.25,84.5,5.25,,
12195,Yemi Nicholson,UNK,UNK,false,79.75,88.25,8.5,,
1630213,Yoeli Childs,UNK,UNK,false,78,83.5,5.5,,
201180,Yue Sun,SG,SG,false,79.75,81,1.25,,
1642274,Yves Missi,C,C,true,82.75,86,3.25,NOP,0.49
1630582,Yves Pons,PF,PF,false,77.5,84.75,7.25,,
12210,Zabian Dowdell,UNK,UNK,false,73,82,9,,
1642258,Zaccharie Risacher,SG,SG,true,80.25,82.5,2.25,ATL,-0.4
1628380,Zach Collins,C,C,true,82.25,85,2.75,CHI,1.26
1641744,Zach Edey,C,C,true,87.75,94.75,7,MEM,1.31
203897,Zach LaVine,SG,SG,true,76.5,80.25,3.75,SAC,-2.3
12159,Zach Marbury,UNK,UNK,false,73.25,75.5,2.25,,
1629668,Zach Norvell Jr.,SG,SG,false,76.5,78,1.5,,
1630192,Zeke Nnaji,PF,PF,true,81.25,86,4.75,DEN,0.5
1629015,Zhaire Smith,SF,SF,false,74.75,81.75,7,,
1627753,Zhou Qi,C,C,false,85.25,91.75,6.5,,
1630533,Ziaire Williams,SF,SF,true,80.25,82.25,2,BKN,0.54
1629627,Zion Williamson,C,C,true,78,82.75,4.75,NOP,-0.78